name,url,price,base_elevation_ft,peak_elevation_ft,vertical_drop_ft,slope_mi,state,skiable_acres,annual_snowfall,owner,Tram,Gondola,Pulse Gondola,Cabriolet,8-pack,6-pack,Chondola,Detach Quad,Fixed Quad,Triple,Detach Triple,Double,Single,T-Bar,J-Bar,Poma/platter,Ropetow,Carpet,total_lifts,surface_lifts_only
49 Degrees North,https://www.skiresort.info/ski-resort/49-degrees-north-mountain-resort/,84.0,3924.0,5774.0,1850.0,42.0,Washington,2325.0,301.0,CMR Lands,0,0,0,0,0,0,0,1,1,0,0,4,0,0,0,0,0,1,7,No
Abenaki,https://www.skiresort.info/ski-resort/abenaki/,20.0,591.0,820.0,230.0,1.0,New Hampshire,18.0,,Independent,0,0,0,0,0,0,0,0,0,0,0,0,0,0,0,0,2,0,2,Yes
Adventure Mountain,https://www.skiresort.info/ski-resort/adventure-mountain-greenland/,7.0,1237.0,1362.0,125.0,0.2,Michigan,,,Independent,0,0,0,0,0,0,0,0,0,0,0,0,0,0,0,0,1,0,1,Yes
Afton Alps,https://www.skiresort.info/ski-resort/afton-alps/,89.0,919.0,1270.0,351.0,5.0,Minnesota,300.0,60.0,Vail Resorts,0,0,0,0,0,0,0,0,1,2,0,12,0,0,0,0,2,2,19,No
Alpine Valley (Michigan),https://www.skiresort.info/ski-resort/alpine-valley-white-lake/,61.0,961.0,1211.0,249.0,4.0,Michigan,100.0,20.0,Wisconsin Resorts,0,0,0,0,0,0,0,0,1,3,0,1,0,0,0,0,2,2,9,No
Alpine Valley (Ohio),https://www.skiresort.info/ski-resort/alpine-valley-ohio/,59.0,1115.0,1329.0,213.0,2.0,Ohio,72.0,120.0,Vail Resorts,0,0,0,0,0,0,0,0,2,1,0,0,0,0,0,0,1,1,5,No
Alpine Valley (Wisconsin),https://www.skiresort.info/ski-resort/alpine-valley-resort-elkhorn/,78.0,1017.0,1362.0,344.0,2.0,Wisconsin,90.0,80.0,Wisconsin Resorts,0,0,0,0,0,0,0,3,0,4,0,0,0,0,0,0,2,6,15,No
Alta,https://www.skiresort.info/ski-resort/alta/,199.0,8530.0,10499.0,1969.0,44.0,Utah,2614.0,540.0,Independent,0,0,0,0,0,1,0,3,1,1,0,1,0,0,0,1,1,2,11,No
Alta Sierra,https://www.skiresort.info/ski-resort/alta-sierra-shirley-meadows/,75.0,6686.0,7087.0,400.0,1.0,California,80.0,80.0,Independent,0,0,0,0,0,0,0,0,0,0,0,2,0,0,0,0,1,0,3,No
Alyeska,https://www.skiresort.info/ski-resort/alyeska-resort-girdwood/,169.0,269.0,2756.0,2487.0,39.0,Alaska,1610.0,650.0,Independent,1,0,0,0,0,0,0,2,2,0,0,0,0,0,0,0,0,1,6,No
Andes Tower Hills,https://www.skiresort.info/ski-resort/andes-tower-hills/,60.0,1329.0,1621.0,292.0,2.0,Minnesota,35.0,55.0,Independent,0,0,0,0,0,0,0,0,1,2,0,0,0,0,0,0,1,2,6,No
Angel Fire,https://www.skiresort.info/ski-resort/angel-fire/,125.0,8599.0,10676.0,2077.0,47.0,New Mexico,560.0,210.0,Independent,0,0,0,0,0,0,0,2,1,0,0,3,0,0,0,0,0,2,8,No
Antelope Butte,https://www.skiresort.info/ski-resort/antelope-butte/,69.0,8399.0,9400.0,1001.0,13.0,Wyoming,225.0,200.0,Independent,0,0,0,0,0,0,0,0,0,0,0,2,0,0,0,0,0,1,3,No
Anthony Lakes Mountain Resort,https://www.skiresort.info/ski-resort/anthony-lakes-mountain-resort/,50.0,7100.0,7999.0,899.0,6.0,Oregon,1100.0,300.0,Independent,0,0,0,0,0,0,0,0,0,1,0,0,0,0,0,0,1,1,3,No
Appalachian Ski Mountain,https://www.skiresort.info/ski-resort/appalachian-ski-mountain/,79.0,3632.0,3999.0,367.0,3.0,North Carolina,27.0,27.0,Independent,0,0,0,0,0,0,0,0,2,0,0,1,0,0,0,0,1,2,6,No
Arapahoe Basin,https://www.skiresort.info/ski-resort/arapahoe-basin/,189.0,10781.0,12434.0,1654.0,32.0,Colorado,1428.0,350.0,Alterra,0,0,0,0,0,1,0,2,2,0,0,1,0,0,0,0,1,2,9,No
Arctic Valley,https://www.skiresort.info/ski-resort/arctic-valley/,55.0,2500.0,3898.0,1398.0,16.0,Alaska,320.0,250.0,Independent,0,0,0,0,0,0,0,0,0,0,0,2,0,1,0,0,1,0,4,No
Arizona Snowbowl,https://www.skiresort.info/ski-resort/arizona-snowbowl/,127.0,9199.0,11499.0,2300.0,23.0,Arizona,777.0,260.0,Mountain Capital Partners,0,0,0,0,0,1,1,0,3,1,0,0,0,0,0,0,0,2,8,No
Ascutney Mountain,https://www.skiresort.info/ski-resort/ascutney-mountain/,20.0,719.0,2520.0,1801.0,1.0,Vermont,26.0,,Independent,0,0,0,0,0,0,0,0,0,0,0,0,0,1,0,0,1,0,2,Yes
Aspen Highlands,https://www.skiresort.info/ski-resort/aspen-highlands/,264.0,8041.0,11677.0,3635.0,84.0,Colorado,1010.0,300.0,Aspen Skiing Company,0,0,0,0,0,0,0,3,0,2,0,1,0,0,0,0,0,0,6,No
Aspen Mountain,https://www.skiresort.info/ski-resort/aspen-mountain/,264.0,7946.0,11214.0,3268.0,64.0,Colorado,826.0,300.0,Aspen Skiing Company,0,1,0,0,0,0,0,2,1,0,1,3,0,0,0,0,0,0,8,No
Attitash Mountain Resort,https://www.skiresort.info/ski-resort/attitash-mountain-resort/,144.0,600.0,2349.0,1749.0,23.0,New Hampshire,311.0,120.0,Vail Resorts,0,0,0,0,0,0,0,3,2,2,0,0,0,0,0,0,0,1,8,No
Ausblick Ski Club,https://www.skiresort.info/ski-resort/ausblick-sussex/,30.0,968.0,1148.0,180.0,1.0,Wisconsin,10.0,,Independent,0,0,0,0,0,0,0,0,0,1,0,0,0,0,0,0,1,0,2,No
Badger Mountain,https://www.skiresort.info/ski-resort/badger-mountain/,10.0,2999.0,3484.0,486.0,1.0,Washington,10.0,120.0,Independent,0,0,0,0,0,0,0,0,0,0,0,0,0,1,0,0,2,0,3,Yes
Badger Pass,https://www.skiresort.info/ski-resort/badger-pass/,69.0,7201.0,8005.0,804.0,6.0,California,90.0,300.0,Independent,0,0,0,0,0,0,0,0,0,1,0,3,0,0,0,0,0,0,4,No
Bald Mountain,https://www.skiresort.info/ski-resort/bald-mountain/,25.0,3999.0,4800.0,801.0,6.0,Idaho,140.0,100.0,Independent,0,0,0,0,0,0,0,0,0,0,0,0,0,1,0,0,1,0,2,Yes
Bear Creek Mountain Resort,https://www.skiresort.info/ski-resort/bear-creek-mountain-resort/,85.0,591.0,1099.0,509.0,6.0,Pennsylvania,86.0,30.0,Independent,0,0,0,0,0,0,0,0,3,1,0,0,0,0,0,0,0,1,5,No
Bear Paw Ski Bowl,https://www.skiresort.info/ski-resort/bear-paw-ski-bowl/,25.0,4199.0,5279.0,1079.0,6.0,Montana,80.0,140.0,Independent,0,0,0,0,0,0,0,0,0,0,0,1,0,0,0,0,1,0,2,No
Bear Valley,https://www.skiresort.info/ski-resort/bear-valley/,169.0,6598.0,8497.0,1900.0,42.0,California,1680.0,359.0,Independent,0,0,0,0,0,1,0,1,1,2,0,2,0,0,0,0,0,2,9,No
Beartooth Basin,https://www.skiresort.info/ski-resort/beartooth-basin/,50.0,9898.0,10899.0,1001.0,3.0,Wyoming,600.0,,Independent,0,0,0,0,0,0,0,0,0,0,0,0,0,0,0,2,0,0,2,Yes
Beartown,https://www.skiresort.info/ski-resort/beartown/,24.0,863.0,997.0,135.0,0.5,New York,32.0,,Independent,0,0,0,0,0,0,0,0,0,0,0,0,0,1,0,1,0,0,2,Yes
Beaver Creek,https://www.skiresort.info/ski-resort/beaver-creek/,329.0,7398.0,11444.0,4045.0,93.0,Colorado,2082.0,325.0,Vail Resorts,0,2,0,0,0,0,1,12,1,1,0,1,0,0,0,0,0,7,25,No
Beaver Mountain,https://www.skiresort.info/ski-resort/beaver-mountain/,70.0,7201.0,8858.0,1657.0,19.0,Utah,880.0,400.0,Independent,0,0,0,0,0,0,0,0,0,3,0,1,0,0,0,0,0,2,6,No
Beech Mountain,https://www.skiresort.info/ski-resort/beech-mountain/,79.0,4672.0,5505.0,833.0,9.0,North Carolina,95.0,84.0,Independent,0,0,0,0,0,0,0,0,4,0,0,2,0,0,0,0,1,2,9,No
Belleayre Mountain,https://www.skiresort.info/ski-resort/belleayre-mountain/,114.0,2024.0,3428.0,1404.0,12.0,New York,171.0,141.0,New York State,0,1,0,0,0,0,0,1,3,0,0,0,0,0,0,0,0,4,9,No
Berkshire East,https://www.skiresort.info/ski-resort/berkshire-east/,99.0,659.0,1841.0,1181.0,8.0,Massachusetts,180.0,120.0,The Schaefer Family,0,0,0,0,0,0,0,1,2,0,0,1,0,0,0,0,0,2,6,No
Big Bear at Masthope Mountain,https://www.skiresort.info/ski-resort/big-bear-at-masthope-mountain/,78.0,722.0,1286.0,564.0,4.0,Pennsylvania,26.0,50.0,Independent,0,0,0,0,0,0,0,0,0,0,0,4,0,0,0,0,0,3,7,No
Big Bear: Bear Mountain,https://www.skiresort.info/ski-resort/bear-mountain-big-bear-lake/,169.0,7139.0,8806.0,1667.0,17.0,California,198.0,100.0,Alterra,0,0,0,0,0,1,0,2,0,2,0,2,0,0,0,0,0,4,11,No
Big Bear: Snow Summit,https://www.skiresort.info/ski-resort/snow-summit-big-bear-lake/,169.0,6988.0,8202.0,1214.0,18.0,California,240.0,100.0,Alterra,0,0,0,0,0,0,0,2,2,2,0,4,0,0,0,0,0,5,15,No
Big Bear: Snow Valley,https://www.skiresort.info/ski-resort/snow-valley/,169.0,6726.0,7841.0,1115.0,21.0,California,240.0,160.0,Alterra,0,0,0,0,0,1,0,0,0,4,0,4,0,0,0,0,0,2,11,No
Big Boulder,https://www.skiresort.info/ski-resort/big-boulder/,105.0,1699.0,2175.0,476.0,3.0,Pennsylvania,55.0,50.0,Vail Resorts,0,0,0,0,0,0,0,0,2,1,0,1,0,0,0,0,0,1,5,No
Big Moose,https://www.skiresort.info/ski-resort/big-squaw/,40.0,1325.0,1896.0,571.0,5.0,Maine,,136.0,Independent,0,0,0,0,0,0,0,0,0,1,0,0,0,0,0,0,0,1,2,No
Big Powderhorn Mountain,https://www.skiresort.info/ski-resort/big-powderhorn-mountain/,89.0,1148.0,1772.0,623.0,6.0,Michigan,253.0,214.0,Independent,0,0,0,0,0,0,0,0,0,0,0,9,0,0,0,0,1,0,10,No
Big Sky Resort,https://www.skiresort.info/ski-resort/big-sky-resort/,275.0,6801.0,11165.0,4364.0,155.0,Montana,5800.0,400.0,Boyne Resorts,1,2,0,0,2,2,0,4,3,9,0,4,0,0,0,3,1,8,39,No
BigRock Mountain,https://www.skiresort.info/ski-resort/bigrock-mountain/,60.0,656.0,1634.0,978.0,12.0,Maine,90.0,100.0,Independent,0,0,0,0,0,0,0,0,1,1,0,1,0,0,0,0,0,1,4,No
Bittersweet,https://www.skiresort.info/ski-resort/bittersweet/,72.0,715.0,1063.0,348.0,4.0,Michigan,100.0,90.0,Wisconsin Resorts,0,0,0,0,0,0,0,2,0,3,0,1,0,0,0,0,2,3,11,No
Black Mountain – Jackson,https://www.skiresort.info/ski-resort/black-mountain-jackson/,99.0,1234.0,2247.0,1014.0,7.0,New Hampshire,143.0,125.0,Independent,0,0,0,0,0,0,0,0,0,1,0,1,0,0,1,1,1,0,5,No
Black Mountain – Rumford,https://www.skiresort.info/ski-resort/black-mountain-rumford/,60.0,1001.0,2100.0,1099.0,9.0,Maine,300.0,120.0,Independent,0,0,0,0,0,0,0,0,0,1,0,1,0,1,0,0,1,0,4,No
Blacktail Mountain,https://www.skiresort.info/ski-resort/blacktail-mountain/,80.0,5338.0,6778.0,1440.0,11.0,Montana,1000.0,250.0,Independent,0,0,0,0,0,0,0,0,0,1,0,2,0,0,0,0,0,1,4,No
Blue Hills,https://www.skiresort.info/ski-resort/blue-hills/,75.0,262.0,591.0,328.0,2.0,Massachusetts,60.0,,Independent,0,0,0,0,0,0,0,0,0,0,0,1,0,0,0,0,0,2,3,No
Blue Knob,https://www.skiresort.info/ski-resort/blue-knob/,90.0,2080.0,3150.0,1070.0,10.0,Pennsylvania,100.0,120.0,Independent,0,0,0,0,0,0,0,0,0,2,0,2,0,0,0,0,0,1,5,No
Blue Mountain,https://www.skiresort.info/ski-resort/blue-mountain/,99.0,459.0,1542.0,1083.0,11.0,Pennsylvania,164.0,33.0,Independent,0,0,0,0,0,2,0,1,0,1,0,1,0,0,0,0,0,7,12,No
Bluewood,https://www.skiresort.info/ski-resort/bluewood/,65.0,4544.0,5669.0,1125.0,7.0,Washington,355.0,300.0,Independent,0,0,0,0,0,0,0,1,0,1,0,0,0,0,0,0,0,2,4,No
Bogus Basin,https://www.skiresort.info/ski-resort/bogus-basin/,79.0,5797.0,7582.0,1785.0,31.0,Idaho,2600.0,250.0,Independent,0,0,0,0,0,0,0,4,2,0,0,1,0,0,0,0,0,3,10,No
Bolton Valley,https://www.skiresort.info/ski-resort/bolton-valley/,119.0,1447.0,3150.0,1703.0,19.0,Vermont,300.0,300.0,Independent,0,0,0,0,0,0,0,0,2,0,0,3,0,0,0,0,1,0,6,No
Boreal,https://www.skiresort.info/ski-resort/boreal/,119.0,7201.0,7733.0,531.0,12.0,California,380.0,400.0,Powdr,0,0,0,0,0,0,0,1,2,3,0,0,0,0,0,0,0,2,8,No
Boston Mills,https://www.skiresort.info/ski-resort/boston-mills/,88.0,656.0,886.0,230.0,1.0,Ohio,40.0,54.0,Vail Resorts,0,0,0,0,0,0,0,0,1,4,0,1,0,0,0,0,0,1,7,No
Bottineau Winter Park,https://www.skiresort.info/ski-resort/bottineau-winter-park/,45.0,2274.0,2448.0,174.0,1.0,North Dakota,40.0,18.0,Independent,0,0,0,0,0,0,0,0,0,1,0,0,0,1,0,0,2,2,6,No
Bousquet,https://www.skiresort.info/ski-resort/bousquet/,80.0,1109.0,1857.0,748.0,5.0,Massachusetts,200.0,83.0,Independent,0,0,0,0,0,0,0,0,0,1,0,1,0,0,0,0,0,1,3,No
Boyce Park,https://www.skiresort.info/ski-resort/boyce-park/,25.0,1115.0,1247.0,131.0,1.0,Pennsylvania,25.0,36.0,Independent,0,0,0,0,0,0,0,0,0,0,0,1,0,0,0,0,0,1,2,No
Boyne Mountain,https://www.skiresort.info/ski-resort/boyne-mountain/,110.0,620.0,1119.0,499.0,9.0,Michigan,435.0,140.0,Boyne Resorts,0,0,0,0,1,1,0,0,4,1,0,2,0,0,0,0,0,1,10,No
Bradford,https://www.skiresort.info/ski-resort/bradford/,69.0,33.0,262.0,230.0,2.0,Massachusetts,48.0,,Independent,0,0,0,0,0,0,0,0,0,3,0,0,0,1,0,0,3,3,10,No
Brandywine,https://www.skiresort.info/ski-resort/brandywine/,88.0,623.0,886.0,262.0,1.0,Ohio,40.0,54.0,Vail Resorts,0,0,0,0,0,0,0,0,3,2,0,0,0,0,0,0,1,1,7,No
Brantling,https://www.skiresort.info/ski-resort/brantling/,34.0,459.0,689.0,230.0,1.0,New York,36.0,100.0,Independent,0,0,0,0,0,0,0,0,0,0,0,0,0,1,0,0,5,0,6,Yes
Breckenridge,https://www.skiresort.info/ski-resort/breckenridge/,299.0,9600.0,12841.0,3241.0,95.0,Colorado,2908.0,353.0,Vail Resorts,0,1,0,0,0,5,0,8,1,1,0,4,0,1,0,3,0,11,35,No
Bretton Woods,https://www.skiresort.info/ski-resort/bretton-woods/,129.0,1601.0,3100.0,1499.0,35.0,New Hampshire,464.0,200.0,Independent,0,1,0,0,0,0,0,4,1,0,0,0,0,1,0,0,0,2,9,No
Brian Head,https://www.skiresort.info/ski-resort/brian-head/,97.0,9600.0,10919.0,1319.0,28.0,Utah,650.0,360.0,Mountain Capital Partners,0,0,0,0,0,0,0,2,0,5,0,1,0,0,0,0,0,2,10,No
Bridger Bowl,https://www.skiresort.info/ski-resort/bridger-bowl-bozeman/,97.0,6102.0,8799.0,2697.0,44.0,Montana,2000.0,300.0,Independent,0,0,0,0,0,0,0,0,1,6,0,1,0,0,0,1,0,2,11,No
Brighton,https://www.skiresort.info/ski-resort/brighton/,159.0,8750.0,10627.0,1877.0,41.0,Utah,1050.0,500.0,Boyne Resorts,0,0,0,0,0,1,0,3,1,1,0,0,0,0,0,0,0,2,8,No
Bristol Mountain,https://www.skiresort.info/ski-resort/bristol-mountain/,90.0,997.0,2198.0,1201.0,12.0,New York,138.0,130.0,Independent,0,0,0,0,0,0,0,2,1,1,0,1,0,0,0,0,0,2,7,No
Bromley Mountain,https://www.skiresort.info/ski-resort/bromley-mountain/,96.0,1949.0,3284.0,1335.0,28.0,Vermont,178.0,145.0,Independent,0,0,0,0,0,0,0,1,1,0,0,4,0,1,0,0,0,2,9,No
Bruce Mound,https://www.skiresort.info/ski-resort/bruce-mound/,27.0,984.0,1312.0,328.0,3.0,Wisconsin,40.0,45.0,Independent,0,0,0,0,0,0,0,0,0,1,0,0,0,2,0,0,3,0,6,No
Brundage Mountain,https://www.skiresort.info/ski-resort/brundage-mountain/,125.0,5840.0,7638.0,1798.0,19.0,Idaho,1920.0,320.0,Independent,0,0,0,0,0,0,0,2,0,3,0,0,0,0,0,0,0,1,6,No
Bryce Resort,https://www.skiresort.info/ski-resort/bryce-resort/,80.0,1247.0,1749.0,502.0,3.0,Virginia,50.0,30.0,Independent,0,0,0,0,0,0,0,0,3,0,0,0,0,0,0,0,0,2,5,No
Buck Hill,https://www.skiresort.info/ski-resort/buck-hill-ski-area/,59.0,951.0,1217.0,266.0,1.0,Minnesota,45.0,60.0,Independent,0,0,0,0,0,0,0,0,2,1,0,0,0,0,0,0,4,2,9,No
Buena Vista,https://www.skiresort.info/ski-resort/buena-vista/,52.0,1312.0,1542.0,230.0,2.0,Minnesota,30.0,78.0,Independent,0,0,0,0,0,0,0,0,0,2,0,2,0,0,0,0,1,0,5,No
Buffalo Ski Center,https://www.skiresort.info/ski-resort/buffalo/,57.0,1007.0,1483.0,476.0,7.0,New York,300.0,,Independent,0,0,0,0,0,0,0,0,0,0,0,2,0,2,0,0,1,1,6,No
Burke Mountain,https://www.skiresort.info/ski-resort/burke-mountain/,89.0,1217.0,3199.0,1982.0,6.0,Vermont,178.0,217.0,Independent,0,0,0,0,0,0,0,2,0,0,0,0,0,1,1,0,0,1,5,No
Buttermilk Mountain,https://www.skiresort.info/ski-resort/buttermilk-mountain/,264.0,7871.0,9902.0,2031.0,21.0,Colorado,435.0,200.0,Aspen Skiing Company,0,0,0,0,0,0,0,3,0,0,0,1,0,0,0,0,1,1,6,No
Butternut,https://www.skiresort.info/ski-resort/butternut/,85.0,820.0,1772.0,951.0,14.0,Massachusetts,110.0,110.0,Independent,0,0,0,0,0,0,0,0,5,0,0,0,0,0,0,0,0,4,9,No
Caberfae Peaks,https://www.skiresort.info/ski-resort/caberfae-peaks/,79.0,1171.0,1532.0,361.0,7.0,Michigan,200.0,140.0,Independent,0,0,0,0,0,0,0,0,1,3,0,0,0,0,0,0,0,1,5,No
Camden Snow Bowl,https://www.skiresort.info/ski-resort/camden-snow-bowl/,52.0,236.0,1083.0,846.0,4.0,Maine,100.0,50.0,Independent,0,0,0,0,0,0,0,0,0,1,0,1,0,0,0,0,0,1,3,No
Camelback,https://www.skiresort.info/ski-resort/camelback/,99.0,1247.0,2044.0,797.0,21.0,Pennsylvania,160.0,50.0,Independent,0,0,0,0,0,1,0,1,1,3,0,3,0,0,0,0,0,4,13,No
Camp 10,https://www.skiresort.info/ski-resort/camp-10/,52.0,1509.0,1739.0,230.0,2.0,Wisconsin,120.0,60.0,Independent,0,0,0,0,0,0,0,0,0,0,0,1,0,2,0,0,1,0,4,No
Campgaw Mountain,https://www.skiresort.info/ski-resort/campgaw-mountain/,65.0,469.0,712.0,243.0,1.0,New Jersey,23.0,45.0,Independent,0,0,0,0,0,0,0,0,0,0,0,2,0,0,0,0,0,3,5,No
Campton Mountain,https://www.skiresort.info/ski-resort/campton-mountain/,40.0,1188.0,1427.0,240.0,1.0,New Hampshire,,,Independent,0,0,0,0,0,0,0,0,0,0,0,1,0,0,0,0,1,0,2,No
Canaan Valley,https://www.skiresort.info/ski-resort/canaan-valley/,90.0,3428.0,4278.0,850.0,6.0,West Virginia,95.0,160.0,Independent,0,0,0,0,0,0,0,0,1,2,0,0,0,0,0,0,0,3,6,No
Cannon Mountain,https://www.skiresort.info/ski-resort/cannon-mountain/,134.0,1965.0,4078.0,2113.0,31.0,New Hampshire,285.0,160.0,Independent,1,0,0,0,0,0,0,1,2,3,0,1,0,1,0,0,1,0,10,No
Cannonsburg,https://www.skiresort.info/ski-resort/cannonsburg/,55.0,689.0,919.0,230.0,1.0,Michigan,100.0,100.0,Independent,0,0,0,0,0,0,0,0,1,1,0,1,0,0,0,0,4,1,8,No
Cascade Mountain,https://www.skiresort.info/ski-resort/cascade-mountain/,99.0,820.0,1240.0,420.0,9.0,Wisconsin,176.0,80.0,Independent,0,0,0,0,0,0,0,2,3,1,0,2,0,0,0,0,1,1,10,No
Cataloochee,https://www.skiresort.info/ski-resort/cataloochee/,86.0,4462.0,5194.0,732.0,4.0,North Carolina,50.0,24.0,Independent,0,0,0,0,0,0,0,0,2,1,0,0,0,0,0,0,0,2,5,No
Catamount,https://www.skiresort.info/ski-resort/catamount/,105.0,902.0,1903.0,1001.0,9.0,New York,133.0,108.0,The Schaefer Family,0,0,0,0,0,0,0,0,2,3,0,0,0,0,0,0,0,3,8,No
Chapman Hill,https://www.skiresort.info/ski-resort/chapman-hill-durango/,16.0,6568.0,6877.0,308.0,0.4,Colorado,7.0,71.0,Independent,0,0,0,0,0,0,0,0,0,0,0,0,0,0,0,1,1,0,2,Yes
Cherry Peak,https://www.skiresort.info/ski-resort/cherry-peak/,55.0,7382.0,8645.0,1263.0,12.0,Utah,400.0,320.0,Independent,0,0,0,0,0,0,0,0,0,3,0,0,0,0,0,0,0,1,4,No
Chester Bowl,https://www.skiresort.info/ski-resort/chester-bowl/,15.0,1083.0,1247.0,164.0,1.0,Minnesota,6.0,100.0,Independent,0,0,0,0,0,0,0,0,0,0,0,1,0,0,0,0,0,0,1,No
Chestnut Mountain,https://www.skiresort.info/ski-resort/chestnut-mountain/,70.0,623.0,1099.0,476.0,4.0,Illinois,220.0,34.0,Independent,0,0,0,0,0,0,0,0,2,4,0,0,0,0,0,0,1,2,9,No
China Peak,https://www.skiresort.info/ski-resort/china-peak/,169.0,7044.0,8629.0,1585.0,31.0,California,1200.0,300.0,California Mountain Resort Company,0,0,0,0,0,0,0,0,2,4,0,0,0,1,0,0,0,4,11,No
Chipmunk Hills,https://www.skiresort.info/ski-resort/chipmunk/,5.0,6450.0,6752.0,302.0,0.3,Idaho,30.0,,Independent,0,0,0,0,0,0,0,0,0,0,0,0,0,0,0,0,1,0,1,Yes
Christie Mountain,https://www.skiresort.info/ski-resort/christie-mountain/,53.0,1312.0,1673.0,361.0,3.0,Wisconsin,45.0,60.0,Independent,0,0,0,0,0,0,0,0,0,0,0,1,0,1,0,0,3,0,5,No
Christmas Mountain,https://www.skiresort.info/ski-resort/christmas-mountain/,80.0,1017.0,1214.0,197.0,1.0,Wisconsin,40.0,40.0,Independent,0,0,0,0,0,0,0,0,1,0,0,0,0,0,0,0,1,0,2,No
Cloudcroft,https://www.skiresort.info/ski-resort/cloudcroft/,65.0,8399.0,9098.0,699.0,6.0,New Mexico,74.0,120.0,Independent,0,0,0,0,0,0,0,0,0,0,0,1,0,0,0,0,2,0,3,No
Cloudmont,https://www.skiresort.info/ski-resort/cloudmont/,40.0,1650.0,1798.0,148.0,0.2,Alabama,9.0,6.0,Independent,0,0,0,0,0,0,0,0,0,0,0,0,0,0,0,0,1,0,1,Yes
Cochran,https://www.skiresort.info/ski-resort/cochran/,19.0,400.0,699.0,299.0,1.0,Vermont,15.0,150.0,Independent,0,0,0,0,0,0,0,0,0,0,0,0,0,1,0,0,1,0,2,Yes
Coffee Mill,https://www.skiresort.info/ski-resort/coffee-mill/,55.0,755.0,1181.0,427.0,1.0,Minnesota,40.0,48.0,Independent,0,0,0,0,0,0,0,0,0,0,0,2,0,0,0,0,1,0,3,No
Cooper Spur,https://www.skiresort.info/ski-resort/cooper-spur/,49.0,3999.0,4347.0,348.0,6.0,Oregon,50.0,100.0,Independent,0,0,0,0,0,0,0,0,0,0,0,1,0,0,0,0,1,0,2,No
Copper Mountain,https://www.skiresort.info/ski-resort/copper-mountain/,264.0,9711.0,12441.0,2730.0,78.0,Colorado,2465.0,305.0,Powdr,0,0,0,0,0,3,1,3,0,5,0,4,0,1,0,2,0,6,25,No
Coppervale,https://www.skiresort.info/ski-resort/coppervale/,40.0,5249.0,5988.0,738.0,2.0,California,80.0,,Independent,0,0,0,0,0,0,0,0,0,0,0,0,0,0,0,1,1,0,2,Yes
Cottonwood Butte,https://www.skiresort.info/ski-resort/cottonwood-butte/,20.0,4757.0,5600.0,843.0,3.0,Idaho,260.0,45.0,Independent,0,0,0,0,0,0,0,0,0,0,0,0,0,1,0,0,0,0,1,Yes
Cranmore Mountain Resort,https://www.skiresort.info/ski-resort/cranmore-mountain-resort/,119.0,876.0,1998.0,1122.0,27.0,New Hampshire,170.0,120.0,Independent,0,0,0,0,0,0,0,1,1,2,0,1,0,0,0,0,0,2,7,No
Cranor Ski Hill,https://www.skiresort.info/ski-resort/cranor-ski-hill-gunnison/,22.0,7874.0,8189.0,315.0,1.0,Colorado,,,Independent,0,0,0,0,0,0,0,0,0,0,0,0,0,0,0,1,0,0,1,Yes
Crested Butte,https://www.skiresort.info/ski-resort/crested-butte/,179.0,9101.0,11877.0,2776.0,75.0,Colorado,1547.0,234.0,Vail Resorts,0,0,0,0,0,0,0,4,3,3,0,0,0,2,0,0,0,3,15,No
Crotched Mountain,https://www.skiresort.info/ski-resort/crotched-mountain/,94.0,1188.0,2067.0,879.0,5.0,New Hampshire,75.0,105.0,Vail Resorts,0,0,0,0,0,0,0,1,1,1,0,1,0,0,0,0,0,1,5,No
Crystal Mountain (Michigan),https://www.skiresort.info/ski-resort/crystal-mountain-mi/,115.38,804.0,1178.0,374.0,3.0,Michigan,103.0,132.0,Independent,0,0,0,0,0,0,0,1,3,2,0,0,0,0,0,0,0,2,8,No
Crystal Mountain (Washington),https://www.skiresort.info/ski-resort/crystal-mountain-wa/,199.0,4400.0,7011.0,2612.0,31.0,Washington,2600.0,466.0,Alterra,0,1,0,0,0,2,0,2,1,2,0,2,0,0,0,0,0,1,11,No
Crystal Ridge,https://www.skiresort.info/ski-resort/the-rock-snowpark/,70.0,702.0,932.0,230.0,1.0,Wisconsin,30.0,50.0,Schmitz Brothers,0,0,0,0,0,0,0,0,0,0,0,1,0,0,0,0,2,2,5,No
Dartmouth Skiway,https://www.skiresort.info/ski-resort/dartmouth-skiway/,65.0,974.0,1942.0,968.0,10.0,New Hampshire,104.0,100.0,Independent,0,0,0,0,0,0,0,0,1,0,0,1,0,0,0,0,0,2,4,No
Deer Valley,https://www.skiresort.info/ski-resort/deer-valley/,299.0,6509.0,9570.0,3061.0,66.0,Utah,2026.0,300.0,Alterra,0,2,0,0,0,2,0,20,1,5,0,1,0,0,0,1,0,5,37,No
Detroit Mountain,https://www.skiresort.info/ski-resort/detroit-mountain/,52.0,1444.0,1608.0,164.0,1.0,Minnesota,45.0,47.0,Independent,0,0,0,0,0,0,0,0,0,2,0,0,0,0,0,0,2,2,6,No
Devil’s Head,https://www.skiresort.info/ski-resort/devils-head/,95.0,492.0,994.0,502.0,6.0,Wisconsin,300.0,70.0,Independent,0,0,0,0,0,0,0,0,6,0,0,0,0,0,0,0,2,0,8,No
Diamond Peak,https://www.skiresort.info/ski-resort/diamond-peak/,180.0,6699.0,8537.0,1837.0,10.0,Nevada,655.0,188.0,Independent,0,0,0,0,0,0,0,1,2,0,0,3,0,0,0,0,0,1,7,No
Discovery Ski Area,https://www.skiresort.info/ski-resort/discovery-ski-area/,65.0,5768.0,8150.0,2382.0,28.0,Montana,2200.0,215.0,Independent,0,0,0,0,0,0,0,0,0,5,0,2,0,0,0,0,0,1,8,No
Dodge Ridge,https://www.skiresort.info/ski-resort/dodge-ridge/,109.0,6598.0,8199.0,1601.0,31.0,California,862.0,300.0,California Mountain Resort Company,0,0,0,0,0,0,0,0,1,3,0,3,0,1,0,0,1,2,11,No
Donner Ski Ranch,https://www.skiresort.info/ski-resort/donner-ski-ranch/,99.0,7028.0,7779.0,751.0,32.0,California,460.0,396.0,Independent,0,0,0,0,0,0,0,0,0,1,0,5,0,0,0,0,0,1,7,No
Dry Hill,https://www.skiresort.info/ski-resort/dry-hill/,50.0,712.0,984.0,272.0,1.0,New York,42.0,125.0,Independent,0,0,0,0,0,0,0,0,0,0,0,1,0,1,0,0,0,0,2,No
Dynamite Hill,https://www.skiresort.info/ski-resort/dynamite-hill-chestertown/,0.0,830.0,922.0,92.0,0.1,New York,8.0,,Independent,0,0,0,0,0,0,0,0,0,0,0,0,0,0,0,0,1,0,1,Yes
Eagle Point,https://www.skiresort.info/ski-resort/eagle-point/,90.0,9098.0,10597.0,1499.0,12.0,Utah,650.0,400.0,Independent,0,0,0,0,0,0,0,0,1,1,0,2,0,0,0,1,0,0,5,No
Eaglecrest,https://www.skiresort.info/ski-resort/eaglecrest-juneau/,75.0,1148.0,2690.0,1542.0,11.0,Alaska,640.0,350.0,Independent,0,0,0,0,0,0,0,0,0,0,0,4,0,0,0,0,0,0,4,No
Echo Mountain – Idaho Springs,https://www.skiresort.info/ski-resort/echo-mountain-park-idaho-springs/,79.0,10499.0,11158.0,659.0,2.0,Colorado,60.0,150.0,Independent,0,0,0,0,0,0,0,0,0,1,0,0,0,0,0,0,0,1,2,No
Echo Valley – Lake Chelan,https://www.skiresort.info/ski-resort/echo-valley-lake-chelan/,40.0,2618.0,3110.0,492.0,1.0,Washington,70.0,100.0,Independent,0,0,0,0,0,0,0,0,0,0,0,0,0,0,0,1,3,0,4,Yes
Eldora Mountain,https://www.skiresort.info/ski-resort/eldora-mountain/,199.0,9199.0,10801.0,1601.0,32.0,Colorado,680.0,300.0,Powdr,0,0,0,0,0,1,0,0,2,1,0,3,0,0,0,1,1,1,10,No
Elk Mountain,https://www.skiresort.info/ski-resort/elk-mountain/,89.0,1706.0,2690.0,984.0,9.0,Pennsylvania,140.0,65.0,Independent,0,0,0,0,0,0,0,0,1,0,0,5,0,0,0,0,0,0,6,No
Elko Snowbowl,https://www.skiresort.info/ski-resort/elko-snobowl/,20.0,6339.0,6988.0,650.0,2.0,Nevada,60.0,24.0,Independent,0,0,0,0,0,0,0,0,0,0,0,1,0,0,0,0,1,0,2,No
Ferguson Ridge,https://www.skiresort.info/ski-resort/ferguson-ridge/,20.0,5200.0,5840.0,640.0,3.0,Oregon,170.0,300.0,Independent,0,0,0,0,0,0,0,0,0,0,0,0,0,1,0,0,1,0,2,Yes
Fort Wainwright – Birch Hill,https://www.skiresort.info/ski-resort/fort-wainwrightbirch-hill-fairbanks/,30.0,459.0,984.0,525.0,3.0,Alaska,,,Independent,0,0,0,0,0,0,0,0,0,0,0,1,0,0,0,0,0,1,2,No
Four Lakes,https://www.skiresort.info/ski-resort/four-lakes/,30.0,656.0,722.0,66.0,1.0,Illinois,9.0,24.0,Independent,0,0,0,0,0,0,0,0,0,0,0,0,0,0,0,0,7,0,7,Yes
Four Seasons,https://www.skiresort.info/ski-resort/four-seasons/,30.0,525.0,607.0,82.0,0.5,New York,25.0,125.0,Independent,0,0,0,0,0,0,0,0,0,0,0,1,0,0,0,0,0,1,2,No
Frisco Adventure Park,https://www.skiresort.info/ski-resort/frisco-adventure-park/,55.0,9085.0,9163.0,79.0,0.1,Colorado,,,Independent,0,0,0,0,0,0,0,0,0,0,0,0,0,0,0,0,0,1,1,Yes
Frost Fire Park,https://www.skiresort.info/ski-resort/frost-fire-park/,50.0,1083.0,1444.0,361.0,1.0,North Dakota,30.0,35.0,Independent,0,0,0,0,0,0,0,0,1,0,0,0,0,0,0,0,0,1,2,No
Giants Ridge,https://www.skiresort.info/ski-resort/giants-ridge/,64.0,1444.0,1837.0,394.0,7.0,Minnesota,165.0,62.0,Independent,0,0,0,0,0,0,0,1,1,1,0,2,0,0,0,0,0,2,7,No
Gore Mountain,https://www.skiresort.info/ski-resort/gore-mountain/,109.0,997.0,3599.0,2602.0,36.0,New York,439.0,150.0,New York State,0,1,0,0,0,0,0,3,6,1,0,0,0,0,1,0,0,2,14,No
Granby Ranch,https://www.skiresort.info/ski-resort/granby-ranch/,164.0,8199.0,9199.0,1001.0,12.0,Colorado,406.0,120.0,Independent,0,0,0,0,0,0,0,1,1,1,0,1,0,0,0,0,0,2,6,No
Grand Geneva,https://www.skiresort.info/ski-resort/grand-geneva/,70.0,787.0,997.0,210.0,1.0,Wisconsin,20.0,46.0,Independent,0,0,0,0,0,0,0,0,0,0,0,3,0,0,0,0,1,2,6,No
Grand Targhee,https://www.skiresort.info/ski-resort/grand-targhee/,170.0,7651.0,9862.0,2211.0,35.0,Wyoming,2602.0,500.0,Independent,0,0,0,0,0,1,0,2,2,0,0,0,0,0,0,0,0,1,6,No
Granite Gorge,https://www.skiresort.info/ski-resort/granite-gorge/,55.0,801.0,1325.0,525.0,4.0,New Hampshire,25.0,100.0,Independent,0,0,0,0,0,0,0,0,0,0,0,1,0,0,0,0,1,1,3,No
Granite Peak,https://www.skiresort.info/ski-resort/granite-peak-at-rib-mountain-state-park/,105.0,1247.0,1949.0,702.0,12.0,Wisconsin,155.0,75.0,Midwest Family Ski Resorts,0,0,0,0,0,1,0,2,0,2,0,0,0,0,0,0,0,2,7,No
Granlibakken,https://www.skiresort.info/ski-resort/granlibakken/,45.0,6312.0,6611.0,299.0,1.0,California,25.0,170.0,Independent,0,0,0,0,0,0,0,0,0,0,0,0,0,0,0,1,1,0,2,Yes
Great Bear Ski Valley,https://www.skiresort.info/ski-resort/great-bear-ski-valley/,35.0,1345.0,1542.0,197.0,2.0,South Dakota,20.0,49.0,Independent,0,0,0,0,0,0,0,0,1,0,0,0,0,0,0,0,1,1,3,No
Great Divide,https://www.skiresort.info/ski-resort/great-divide/,68.0,5748.0,7251.0,1503.0,31.0,Montana,1600.0,180.0,Independent,0,0,0,0,0,0,0,0,0,0,0,5,0,0,0,0,1,0,6,No
Greek Peak,https://www.skiresort.info/ski-resort/greek-peak/,115.0,1148.0,2100.0,951.0,12.0,New York,220.0,122.0,Independent,0,0,0,0,0,0,0,0,1,2,0,3,0,0,0,0,0,2,8,No
Gunstock,https://www.skiresort.info/ski-resort/gunstock/,109.0,866.0,2264.0,1398.0,25.0,New Hampshire,227.0,120.0,Independent,0,0,0,0,0,0,0,1,2,2,0,0,0,0,0,0,0,3,8,No
Hanson Hills,https://www.skiresort.info/ski-resort/hanson-hills/,30.0,1148.0,1280.0,131.0,1.0,Michigan,125.0,60.0,Independent,0,0,0,0,0,0,0,0,0,0,0,0,0,1,0,0,2,0,3,Yes
Hard’ack (Aldis Hill),https://www.skiresort.info/ski-resort/hardack-aldis-hill-st-albans/,0.0,623.0,755.0,131.0,0.1,Vermont,,,Independent,0,0,0,0,0,0,0,0,0,0,0,0,0,0,0,0,1,0,1,Yes
Hatley Pointe,https://www.skiresort.info/ski-resort/wolf-ridge/,88.0,3999.0,4698.0,699.0,4.0,North Carolina,72.0,65.0,Independent,0,0,0,0,0,0,0,0,2,0,0,1,0,0,0,0,1,1,5,No
Heavenly,https://www.skiresort.info/ski-resort/heavenly/,265.0,6257.0,6565.0,10039.0,58.0,California,4800.0,360.0,Vail Resorts,1,1,0,0,0,2,0,8,1,5,0,2,0,0,0,0,2,4,26,No
Hermon Mountain,https://www.skiresort.info/ski-resort/hermon-mountain/,55.0,164.0,459.0,295.0,2.0,Maine,60.0,90.0,Independent,0,0,0,0,0,0,0,0,0,0,0,1,0,1,0,0,0,0,2,No
Hesperus Ski Area,https://www.skiresort.info/ski-resort/hesperus-ski-area/,48.0,8278.0,8878.0,600.0,6.0,Colorado,60.0,150.0,Mountain Capital Partners,0,0,0,0,0,0,0,0,0,0,0,1,0,0,0,0,0,0,1,No
Hiawatha – Rock River Township,https://www.skiresort.info/ski-resort/hiawatha-rock-river-township/,5.0,850.0,938.0,89.0,0.3,Michigan,,,Independent,0,0,0,0,0,0,0,0,0,0,0,0,0,0,0,0,1,0,1,Yes
Hidden Valley (Missouri),https://www.skiresort.info/ski-resort/hidden-valley-mo/,52.0,492.0,787.0,295.0,2.0,Missouri,65.0,19.0,Vail Resorts,0,0,0,0,0,0,0,0,2,2,0,1,0,0,0,0,1,1,7,No
Hidden Valley (Pennsylvania),https://www.skiresort.info/ski-resort/hidden-valley-pa/,76.0,2395.0,2920.0,525.0,6.0,Pennsylvania,110.0,140.0,Vail Resorts,0,0,0,0,0,0,0,0,2,2,0,0,0,0,0,0,2,2,8,No
Hillberg,https://www.skiresort.info/ski-resort/hillberg/,28.0,131.0,394.0,262.0,1.0,Alaska,,,Independent,0,0,0,0,0,0,0,0,0,0,0,1,0,0,0,0,2,0,3,No
Hilltop,https://www.skiresort.info/ski-resort/hilltop-anchorage/,39.0,492.0,787.0,295.0,3.0,Alaska,30.0,76.0,Independent,0,0,0,0,0,0,0,0,0,1,0,0,0,0,0,1,0,1,3,No
Hoedown Hill,https://www.skiresort.info/ski-resort/hoedown-hill-windsor/,51.0,4839.0,4970.0,131.0,1.0,Colorado,12.0,24.0,Independent,0,0,0,0,0,0,0,0,0,0,0,0,0,0,0,0,0,4,4,Yes
Hogadon Ski Area,https://www.skiresort.info/ski-resort/hogadon-ski-area/,60.0,7398.0,7999.0,600.0,3.0,Wyoming,60.0,140.0,Independent,0,0,0,0,0,0,0,0,0,0,0,1,0,0,0,0,0,1,2,No
Holiday Mountain (New York),https://www.skiresort.info/ski-resort/holiday-mountain-ny/,75.0,1050.0,1444.0,394.0,2.0,New York,37.0,90.0,Independent,0,0,0,0,0,0,0,0,1,1,0,0,0,0,0,0,0,1,3,No
Holiday Valley,https://www.skiresort.info/ski-resort/holiday-valley/,105.0,1499.0,2247.0,748.0,30.0,New York,290.0,180.0,Independent,0,0,0,0,0,1,0,3,7,0,0,0,0,0,0,0,0,2,13,No
Holimont,https://www.skiresort.info/ski-resort/holimont/,114.0,1558.0,2260.0,702.0,12.0,New York,135.0,180.0,Independent,0,0,0,0,0,0,0,1,1,2,0,2,0,0,0,0,0,2,8,No
Homewood Mountain Resort,https://www.skiresort.info/ski-resort/homewood-mountain-resort/,159.0,6230.0,7881.0,1650.0,12.0,California,1260.0,450.0,JMA Ventures,0,0,0,0,0,0,0,1,0,3,0,0,0,0,0,1,0,1,6,No
Hoodoo Ski Area,https://www.skiresort.info/ski-resort/hoodoo-ski-area/,85.0,4692.0,5709.0,1017.0,11.0,Oregon,806.0,350.0,Independent,0,0,0,0,0,0,0,0,3,1,0,1,0,0,0,0,0,1,6,No
Howelsen Hill,https://www.skiresort.info/ski-resort/howelsen-hill-steamboat-springs/,49.0,6693.0,7136.0,443.0,2.0,Colorado,50.0,170.0,Independent,0,0,0,0,0,0,0,0,0,1,0,0,0,0,0,1,0,2,4,No
Huff Hills,https://www.skiresort.info/ski-resort/huff-hills/,39.0,1870.0,2231.0,361.0,2.0,North Dakota,80.0,40.0,Independent,0,0,0,0,0,0,0,0,0,0,0,2,0,0,0,0,2,0,4,No
Hunt Hollow Ski Club,https://www.skiresort.info/ski-resort/hunt-hollow-ski-club/,70.0,1132.0,2008.0,876.0,3.0,New York,80.0,130.0,Independent,0,0,0,0,0,0,0,0,0,1,0,1,0,1,0,0,0,1,4,No
Hunter Mountain,https://www.skiresort.info/ski-resort/hunter-mountain/,119.0,1598.0,3199.0,1601.0,34.0,New York,320.0,120.0,Vail Resorts,0,0,0,0,0,3,0,1,2,1,0,2,0,0,0,1,0,3,13,No
Hurricane Ridge,https://www.skiresort.info/ski-resort/hurricane-ridge/,57.0,4800.0,5499.0,699.0,1.0,Washington,250.0,400.0,Independent,0,0,0,0,0,0,0,0,0,0,0,0,0,0,0,1,2,0,3,Yes
Hyland Hills,https://www.skiresort.info/ski-resort/hyland-hills/,44.0,853.0,1017.0,164.0,1.0,Minnesota,35.0,60.0,Independent,0,0,0,0,0,0,0,0,3,0,0,0,0,0,0,0,3,2,8,No
Jack Frost Mountain,https://www.skiresort.info/ski-resort/jack-frost-mountain/,105.0,1401.0,2001.0,600.0,7.0,Pennsylvania,100.0,50.0,Vail Resorts,0,0,0,0,0,0,0,0,4,0,0,2,0,0,0,0,0,0,6,No
Jackson Hole,https://www.skiresort.info/ski-resort/jackson-hole/,269.0,6312.0,10449.0,4137.0,72.0,Wyoming,2500.0,459.0,Independent,1,2,0,0,0,0,0,6,3,0,0,1,0,0,0,0,1,2,16,No
Jay Peak,https://www.skiresort.info/ski-resort/jay-peak/,129.0,1847.0,3855.0,2008.0,47.0,Vermont,385.0,349.0,Pacific Group Resorts,1,0,0,0,0,0,0,1,3,1,0,1,0,0,0,0,0,2,9,No
Jiminy Peak,https://www.skiresort.info/ski-resort/jiminy-peak/,109.0,1247.0,2375.0,1129.0,6.0,Massachusetts,170.0,100.0,Independent,0,0,0,0,0,1,0,0,2,3,0,1,0,0,0,0,0,2,9,No
John & Melissa Besse Sports Park – Gladstone,https://www.skiresort.info/ski-resort/john-melissa-besse-sports-park-gladstone/,12.0,643.0,748.0,105.0,0.4,Michigan,25.0,50.0,Independent,0,0,0,0,0,0,0,0,0,0,0,0,0,0,0,0,2,0,2,Yes
June Mountain,https://www.skiresort.info/ski-resort/june-mountain/,199.0,7507.0,10089.0,2582.0,25.0,California,1500.0,250.0,Alterra,0,0,0,0,0,0,0,2,0,0,0,4,0,0,0,0,0,1,7,No
Kelly Canyon,https://www.skiresort.info/ski-resort/kelly-canyon/,79.0,5807.0,6660.0,853.0,7.0,Idaho,640.0,200.0,Independent,0,0,0,0,0,0,0,0,0,1,0,2,0,0,0,0,0,1,4,No
Kendall Mountain,https://www.skiresort.info/ski-resort/kendall-mountain-silverton/,26.0,9318.0,9843.0,525.0,1.0,Colorado,16.0,200.0,Independent,0,0,0,0,0,0,0,0,0,0,0,1,0,0,0,0,0,0,1,No
Kettlebowl,https://www.skiresort.info/ski-resort/kettlebowl/,10.0,1617.0,1778.0,161.0,1.0,Wisconsin,,,Independent,0,0,0,0,0,0,0,0,0,0,0,0,0,0,0,0,5,0,5,Yes
Keyes Peak,https://www.skiresort.info/ski-resort/keyes-peak/,15.0,1312.0,1476.0,164.0,0.3,Wisconsin,15.0,60.0,Independent,0,0,0,0,0,0,0,0,0,0,0,0,0,0,0,0,3,0,3,Yes
Keystone,https://www.skiresort.info/ski-resort/keystone/,292.0,9301.0,12280.0,2979.0,84.0,Colorado,3149.0,235.0,Vail Resorts,0,2,0,0,0,4,0,3,1,1,0,2,0,0,0,0,0,7,20,No
Killington,https://www.skiresort.info/ski-resort/killington/,199.0,1165.0,4242.0,3077.0,73.0,Vermont,1509.0,250.0,Powdr,0,2,0,0,0,2,0,4,5,2,0,1,0,0,0,1,0,3,20,No
King Pine,https://www.skiresort.info/ski-resort/king-pine-purity-spring-resort/,82.0,476.0,787.0,312.0,3.0,New Hampshire,45.0,82.0,Independent,0,0,0,0,0,0,0,0,0,3,0,0,0,0,0,0,0,2,5,No
Kirkwood,https://www.skiresort.info/ski-resort/kirkwood/,187.0,7799.0,9800.0,2001.0,40.0,California,2300.0,354.0,Vail Resorts,0,0,0,0,0,0,0,2,1,6,0,1,0,1,0,0,0,2,13,No
Kissing Bridge,https://www.skiresort.info/ski-resort/kissing-bridge/,88.0,1240.0,1706.0,466.0,11.0,New York,,182.0,Independent,0,0,0,0,0,0,0,0,2,1,0,3,0,0,0,0,2,1,9,No
Labrador Mountain,https://www.skiresort.info/ski-resort/labrador-mountain/,74.0,1181.0,1870.0,689.0,11.0,New York,250.0,125.0,Independent,0,0,0,0,0,0,0,0,0,1,0,2,0,1,0,0,2,0,6,No
Lake City Ski Hill,https://www.skiresort.info/ski-resort/lake-city-ski-hill/,30.0,8868.0,9091.0,223.0,1.0,Colorado,14.0,,Independent,0,0,0,0,0,0,0,0,0,0,0,0,0,0,0,1,0,0,1,Yes
Las Vegas Ski and Snowboard Resort – Lee Canyon,https://www.skiresort.info/ski-resort/las-vegas-ski-and-snowboard-resort-lee-canyon/,84.0,8694.0,9370.0,676.0,5.0,Nevada,195.0,129.0,Mountain Capital Partners,0,0,0,0,0,0,0,0,3,1,0,0,0,0,0,0,0,1,5,No
Laurel Mountain,https://www.skiresort.info/ski-resort/laurel-mountain/,66.0,1998.0,2759.0,761.0,5.0,Pennsylvania,70.0,41.0,Vail Resorts,0,0,0,0,0,0,0,0,1,0,0,0,0,0,0,0,1,0,2,No
Leavenworth Ski Hill,https://www.skiresort.info/ski-resort/leavenworth-ski-hill/,26.0,1476.0,1706.0,230.0,1.0,Washington,17.0,150.0,Independent,0,0,0,0,0,0,0,0,0,0,0,0,0,0,0,0,2,0,2,Yes
Lee’s Ski Hill,https://www.skiresort.info/ski-resort/lees-ski-hill-ouray/,0.0,7887.0,7959.0,72.0,0.1,Colorado,2.0,134.0,Independent,0,0,0,0,0,0,0,0,0,0,0,0,0,0,0,0,1,0,1,Yes
Liberty Mountain,https://www.skiresort.info/ski-resort/liberty-mountain/,84.0,591.0,1165.0,574.0,6.0,Pennsylvania,100.0,31.0,Vail Resorts,0,0,0,0,0,0,0,0,5,0,0,0,0,0,0,0,0,2,7,No
Little Ski Hill,https://www.skiresort.info/ski-resort/little-ski-hill/,25.0,5184.0,5577.0,394.0,1.0,Idaho,50.0,180.0,Independent,0,0,0,0,0,0,0,0,0,0,0,0,0,1,0,0,0,0,1,Yes
Little Switzerland,https://www.skiresort.info/ski-resort/little-switzerland/,80.0,1083.0,1247.0,164.0,2.0,Wisconsin,50.0,45.0,Schmitz Brothers,0,0,0,0,0,0,0,0,0,0,0,4,0,0,0,0,3,2,9,No
Living Memorial Park – Brattleboro,https://www.skiresort.info/ski-resort/living-memorial-park-brattleboro/,5.0,433.0,620.0,187.0,0.3,Vermont,8.0,,Independent,0,0,0,0,0,0,0,0,0,0,0,0,0,1,0,0,0,0,1,Yes
Lonesome Pine,https://www.skiresort.info/ski-resort/lonesome-pine-trails-fort-kent/,30.0,568.0,981.0,413.0,3.0,Maine,,,Independent,0,0,0,0,0,0,0,0,0,0,0,0,0,1,0,0,1,0,2,Yes
Lookout Pass,https://www.skiresort.info/ski-resort/lookout-pass/,73.0,4501.0,6152.0,1650.0,25.0,Idaho,1023.0,400.0,Independent,0,0,0,0,0,0,0,0,2,2,0,1,0,0,0,0,0,0,5,No
Loon Mountain,https://www.skiresort.info/ski-resort/loon-mountain/,145.0,860.0,3051.0,2192.0,30.0,New Hampshire,400.0,160.0,Boyne Resorts,0,1,1,0,1,0,0,3,2,0,0,4,0,0,0,0,0,2,14,No
Lost Trail Powder Mountain,https://www.skiresort.info/ski-resort/lost-trail-powder-mountain/,68.0,6430.0,8366.0,1936.0,31.0,Montana,1800.0,325.0,Independent,0,0,0,0,0,0,0,0,0,0,0,5,0,0,0,0,1,0,6,No
Lost Valley,https://www.skiresort.info/ski-resort/lost-valley/,66.0,256.0,545.0,289.0,1.0,Maine,45.0,99.0,Independent,0,0,0,0,0,0,0,0,0,0,0,3,0,0,0,0,0,1,4,No
Loup Loup Ski Bowl,https://www.skiresort.info/ski-resort/loup-loup-ski-bowl/,70.0,4068.0,5315.0,1247.0,7.0,Washington,550.0,150.0,Independent,0,0,0,0,0,0,0,0,1,0,0,0,0,0,0,1,1,0,3,No
Loveland,https://www.skiresort.info/ski-resort/loveland/,149.0,10646.0,12700.0,2054.0,58.0,Colorado,1800.0,422.0,Independent,0,0,0,0,0,0,0,1,2,4,0,0,0,0,0,0,0,0,7,No
Lutsen Mountains,https://www.skiresort.info/ski-resort/lutsen-mountains/,105.0,863.0,1690.0,827.0,25.0,Minnesota,393.0,120.0,Midwest Family Ski Resorts,0,1,0,0,0,2,0,0,0,0,0,3,0,0,0,0,0,1,7,No
Lyndon Outing Club,https://www.skiresort.info/ski-resort/lyndon-outing-club/,15.0,853.0,1247.0,394.0,2.0,Vermont,18.0,,Independent,0,0,0,0,0,0,0,0,0,0,0,0,0,1,0,0,1,0,2,Yes
Mad River Glen,https://www.skiresort.info/ski-resort/mad-river-glen/,99.0,1598.0,3635.0,2037.0,29.0,Vermont,115.0,250.0,Independent,0,0,0,0,0,0,0,0,0,0,0,3,1,0,0,0,1,0,5,No
Mad River Mountain,https://www.skiresort.info/ski-resort/mad-river-mountain/,59.0,1158.0,1460.0,302.0,4.0,Ohio,144.0,36.0,Independent,0,0,0,0,0,0,0,0,1,2,0,2,0,0,0,0,3,1,9,No
Magic Mountain (Idaho),https://www.skiresort.info/ski-resort/magic-mountain-resort/,40.0,6499.0,7241.0,741.0,7.0,Idaho,120.0,230.0,Independent,0,0,0,0,0,0,0,0,0,0,0,1,0,0,0,0,0,2,3,No
Magic Mountain (Vermont),https://www.skiresort.info/ski-resort/magic-mountain/,89.0,1148.0,2848.0,1699.0,14.0,Vermont,205.0,150.0,Independent,0,0,0,0,0,0,0,0,1,0,0,2,0,0,0,0,1,1,5,No
Mammoth Mountain,https://www.skiresort.info/ski-resort/mammoth-mountain/,259.0,7953.0,11053.0,3100.0,56.0,California,3500.0,400.0,Alterra,0,2,0,0,0,4,0,8,1,6,0,3,0,0,0,1,0,2,27,No
Maple Ski Ridge,https://www.skiresort.info/ski-resort/maple-ski-ridge/,43.0,538.0,820.0,282.0,1.0,New York,60.0,60.0,Independent,0,0,0,0,0,0,0,0,0,1,0,1,0,0,0,0,2,0,4,No
Marquette Mountain,https://www.skiresort.info/ski-resort/marquette-mountain/,80.0,787.0,1280.0,492.0,6.0,Michigan,330.0,210.0,Independent,0,0,0,0,0,0,0,0,0,1,0,2,0,0,0,0,1,0,4,No
Massanutten,https://www.skiresort.info/ski-resort/massanutten/,95.0,1749.0,2858.0,1109.0,5.0,Virginia,70.0,35.0,Independent,0,0,0,0,0,0,0,1,2,1,0,0,0,0,0,0,0,3,7,No
Maverick Mountain,https://www.skiresort.info/ski-resort/maverick-mountain/,49.0,6496.0,8517.0,2021.0,12.0,Montana,255.0,250.0,Independent,0,0,0,0,0,0,0,0,0,0,0,1,0,0,0,0,1,0,2,No
McCauley Mountain,https://www.skiresort.info/ski-resort/mccauly-mountain/,40.0,1772.0,2297.0,525.0,6.0,New York,75.0,180.0,Independent,0,0,0,0,0,0,0,0,0,1,0,0,0,2,0,0,2,0,5,No
McIntyre,https://www.skiresort.info/ski-resort/mcintyre/,57.0,351.0,509.0,157.0,2.0,New Hampshire,37.0,,Independent,0,0,0,0,0,0,0,0,0,0,0,2,0,0,0,0,0,2,4,No
Meadowlark Ski Lodge,https://www.skiresort.info/ski-resort/meadowlark-ski-lodge/,62.0,8481.0,9278.0,797.0,6.0,Wyoming,300.0,160.0,Independent,0,0,0,0,0,0,0,0,0,1,0,1,0,0,0,0,0,0,2,No
Meany Lodge,https://www.skiresort.info/ski-resort/meany-lodge/,60.0,2920.0,3346.0,427.0,1.0,Washington,100.0,,Independent,0,0,0,0,0,0,0,0,0,0,0,0,0,0,0,0,1,0,1,Yes
Middlebury College Snow Bowl,https://www.skiresort.info/ski-resort/middlebury-college-snow-bowl/,65.0,1821.0,2657.0,837.0,9.0,Vermont,110.0,200.0,Independent,0,0,0,0,0,0,0,0,1,2,0,0,0,0,0,0,0,1,4,No
Missaukee Mountain,https://www.skiresort.info/ski-resort/missaukee-mountain/,10.0,1253.0,1411.0,157.0,1.0,Michigan,25.0,90.0,Independent,0,0,0,0,0,0,0,0,0,0,0,0,0,0,0,0,2,0,2,Yes
Mohawk Mountain,https://www.skiresort.info/ski-resort/mohawk-mountain/,81.0,919.0,1490.0,571.0,5.0,Connecticut,107.0,92.0,Independent,0,0,0,0,0,0,0,0,0,5,0,0,0,0,0,0,0,3,8,No
Monarch,https://www.skiresort.info/ski-resort/monarch/,139.0,10794.0,11909.0,1115.0,23.0,Colorado,800.0,350.0,Independent,0,0,0,0,0,0,0,0,1,1,0,4,0,0,0,0,0,1,7,No
Mont Ripley,https://www.skiresort.info/ski-resort/mont-ripley/,60.0,656.0,1083.0,427.0,4.0,Michigan,112.0,275.0,Independent,0,0,0,0,0,0,0,0,0,0,0,2,0,1,0,0,1,0,4,No
Mont du Lac,https://www.skiresort.info/ski-resort/mont-du-lac/,54.99,640.0,919.0,279.0,2.0,Wisconsin,20.0,55.0,Independent,0,0,0,0,0,0,0,0,0,0,0,1,0,0,0,0,1,1,3,No
Montage Mountain Resort,https://www.skiresort.info/ski-resort/montage-mountain-resort/,89.0,935.0,1949.0,1014.0,6.0,Pennsylvania,140.0,47.0,Independent,0,0,0,0,0,0,0,0,1,3,0,1,0,0,0,0,0,1,6,No
Montana Snowbowl,https://www.skiresort.info/ski-resort/montana-snowbowl/,79.0,4997.0,7598.0,2602.0,19.0,Montana,950.0,300.0,Independent,0,0,0,0,0,0,0,0,0,1,0,3,0,1,0,0,1,0,6,No
Moose Mountain,https://www.skiresort.info/ski-resort/moose-mountain/,55.0,679.0,1952.0,1273.0,16.0,Alaska,200.0,70.0,Independent,0,0,0,0,0,0,0,0,0,0,0,0,0,0,0,0,1,0,1,Yes
Mount Abram,https://www.skiresort.info/ski-resort/mt-abram/,39.0,951.0,2001.0,1050.0,9.0,Maine,170.0,115.0,Independent,0,0,0,0,0,0,0,0,0,0,0,2,0,1,0,0,0,1,4,No
Mount Ashland,https://www.skiresort.info/ski-resort/mt-ashland/,79.0,6339.0,7500.0,1161.0,8.0,Oregon,240.0,300.0,Independent,0,0,0,0,0,0,0,0,0,3,0,2,0,0,0,0,0,1,6,No
Mount Ashwabay,https://www.skiresort.info/ski-resort/mt-ashwabay-salmo/,35.0,1004.0,1276.0,272.0,2.0,Wisconsin,65.0,120.0,Independent,0,0,0,0,0,0,0,0,0,0,0,1,0,0,0,0,1,0,2,No
Mount Bachelor,https://www.skiresort.info/ski-resort/mt-bachelor/,224.0,5699.0,9065.0,3366.0,61.0,Oregon,4323.0,462.0,Powdr,0,0,0,0,0,1,0,7,1,3,0,0,0,0,0,0,0,3,15,No
Mount Baker,https://www.skiresort.info/ski-resort/mt-baker/,94.27,3510.0,5105.0,1594.0,16.0,Washington,1000.0,701.0,Independent,0,0,0,0,0,0,0,0,7,0,0,0,0,0,0,0,2,0,9,No
Mount Baldy,https://www.skiresort.info/ski-resort/mt-baldy/,115.0,6486.0,8596.0,2110.0,12.0,California,800.0,170.0,Independent,0,0,0,0,0,0,0,0,0,0,0,4,0,0,0,0,0,0,4,No
Mount Bohemia,https://www.skiresort.info/ski-resort/mt-bohemia/,95.0,623.0,1460.0,837.0,8.0,Michigan,585.0,273.0,Independent,0,0,0,0,0,0,0,0,0,1,0,1,0,0,0,0,0,0,2,No
Mount Brighton,https://www.skiresort.info/ski-resort/mt-brighton/,117.0,935.0,1115.0,180.0,4.0,Michigan,130.0,60.0,Vail Resorts,0,0,0,0,0,0,0,0,2,3,0,0,0,0,0,0,5,2,12,No
Mount Crescent,https://www.skiresort.info/ski-resort/mt-crescent/,44.0,1201.0,1499.0,299.0,1.0,Iowa,50.0,30.0,Independent,0,0,0,0,0,0,0,0,1,0,0,1,0,0,0,0,0,0,2,No
Mount Eustis,https://www.skiresort.info/ski-resort/mt-eustis-littleton/,0.0,984.0,1263.0,279.0,1.0,New Hampshire,,,Independent,0,0,0,0,0,0,0,0,0,0,0,0,0,0,0,0,1,0,1,Yes
Mount Eyak,https://www.skiresort.info/ski-resort/mt-eyak/,30.0,400.0,1201.0,801.0,3.0,Alaska,100.0,350.0,Independent,0,0,0,0,0,0,0,0,0,0,0,0,1,0,0,0,1,0,2,No
Mount Holiday,https://www.skiresort.info/ski-resort/mt-holiday/,40.0,689.0,899.0,210.0,3.0,Michigan,45.0,120.0,Independent,0,0,0,0,0,0,0,0,0,0,0,2,0,0,0,0,0,0,2,No
Mount Holly,https://www.skiresort.info/ski-resort/mt-holly/,69.0,968.0,1247.0,279.0,4.0,Michigan,100.0,42.0,Wisconsin Resorts,0,0,0,0,0,0,0,2,2,2,0,1,0,0,0,0,4,2,13,No
Mount Hood Meadows,https://www.skiresort.info/ski-resort/mt-hood-meadows/,164.0,4521.0,7300.0,2779.0,56.0,Oregon,2150.0,430.0,Independent,0,0,0,0,0,1,0,5,1,0,0,3,0,0,0,0,0,1,11,No
Mount Hood Skibowl,https://www.skiresort.info/ski-resort/mt-hood-skibowl/,89.0,3675.0,4954.0,1280.0,40.0,Oregon,960.0,300.0,Independent,0,0,0,0,0,0,0,0,0,0,0,4,0,0,0,1,2,2,9,No
Mount Jefferson,https://www.skiresort.info/ski-resort/mt-jefferson/,45.0,420.0,755.0,335.0,6.0,Maine,160.0,75.0,Independent,0,0,0,0,0,0,0,0,0,0,0,0,0,1,0,0,1,0,2,Yes
Mount Kato,https://www.skiresort.info/ski-resort/mt-kato/,59.0,791.0,1027.0,236.0,7.0,Minnesota,65.0,50.0,Independent,0,0,0,0,0,0,0,0,5,0,0,3,0,0,0,0,0,1,9,No
Mount La Crosse,https://www.skiresort.info/ski-resort/mt-la-crosse/,75.0,722.0,1220.0,499.0,4.0,Wisconsin,100.0,30.0,Independent,0,0,0,0,0,0,0,0,0,0,0,3,0,0,0,0,0,1,4,No
Mount Lemmon,https://www.skiresort.info/ski-resort/mt-lemmon-ski-valley/,69.0,8274.0,9022.0,748.0,5.0,Arizona,200.0,180.0,Independent,0,0,0,0,0,0,0,0,0,0,0,2,0,0,0,0,1,0,3,No
Mount McSauba,https://www.skiresort.info/ski-resort/mt-mcsauba/,23.0,607.0,709.0,102.0,0.4,Michigan,80.0,130.0,Independent,0,0,0,0,0,0,0,0,0,0,0,0,0,0,0,0,4,0,4,Yes
Mount Peter,https://www.skiresort.info/ski-resort/mount-peter/,79.0,804.0,1083.0,279.0,2.0,New York,60.0,50.0,Independent,0,0,0,0,0,0,0,0,1,0,0,2,0,0,0,0,0,3,6,No
Mount Pisgah,https://www.skiresort.info/ski-resort/mt-pisgah/,25.0,1772.0,2057.0,285.0,1.0,New York,15.0,60.0,Independent,0,0,0,0,0,0,0,0,0,0,0,0,0,1,0,0,1,0,2,Yes
Mount Pleasant,https://www.skiresort.info/ski-resort/mount-pleasant/,40.0,1181.0,1496.0,315.0,3.0,Pennsylvania,35.0,150.0,Independent,0,0,0,0,0,0,0,0,0,1,0,0,0,0,0,1,0,1,3,No
Mount Rose,https://www.skiresort.info/ski-resort/mt-rose/,179.0,7897.0,9701.0,1804.0,37.0,Nevada,1200.0,350.0,Independent,0,0,0,0,0,2,0,1,2,1,0,0,0,0,0,0,0,3,9,No
Mount Shasta Ski Park,https://www.skiresort.info/ski-resort/mt-shasta-ski-park/,99.0,5479.0,7497.0,2018.0,14.0,California,635.0,157.0,Independent,0,0,0,0,0,0,0,0,1,3,0,0,0,0,0,0,0,2,6,No
Mount Ski Gull,https://www.skiresort.info/ski-resort/mount-ski-gull/,45.0,1263.0,1453.0,190.0,1.0,Minnesota,55.0,50.0,Independent,0,0,0,0,0,0,0,0,0,1,0,0,0,0,0,0,1,1,3,No
Mount Snow,https://www.skiresort.info/ski-resort/mount-snow/,149.0,1919.0,3593.0,1673.0,37.0,Vermont,601.0,150.0,Vail Resorts,0,0,0,0,0,2,0,4,0,5,0,2,0,0,0,0,1,5,19,No
Mount Southington,https://www.skiresort.info/ski-resort/mt-southington/,68.0,203.0,568.0,364.0,4.0,Connecticut,51.0,80.0,Independent,0,0,0,0,0,0,0,0,0,3,0,1,0,0,0,0,0,3,7,No
Mount Spokane,https://www.skiresort.info/ski-resort/mt-spokane/,80.0,3888.0,5889.0,2001.0,16.0,Washington,1704.0,300.0,Independent,0,0,0,0,0,0,0,0,0,1,0,5,0,0,0,0,1,1,8,No
Mount Sunapee,https://www.skiresort.info/ski-resort/mt-sunapee/,119.0,1263.0,2717.0,1453.0,19.0,New Hampshire,233.0,130.0,Vail Resorts,0,0,0,0,0,0,0,2,1,2,0,0,0,0,0,0,0,3,8,No
Mount Zion Hill,https://www.skiresort.info/ski-resort/mt-zion-hill/,45.0,1427.0,1726.0,299.0,2.0,Michigan,20.0,200.0,Independent,0,0,0,0,0,0,0,0,0,0,0,1,0,0,0,0,3,0,4,No
Mountain Creek,https://www.skiresort.info/ski-resort/mountain-creek-vernon/,99.99,440.0,1480.0,1040.0,15.0,New Jersey,167.0,65.0,Snow Partners,0,0,0,1,0,0,0,2,2,1,0,1,0,0,0,0,0,2,9,No
Mountain High: East,https://www.skiresort.info/ski-resort/mountain-high-east/,149.0,6594.0,8189.0,1594.0,7.0,California,140.0,117.0,California Mountain Resort Company,0,0,0,0,0,0,0,1,1,0,0,2,0,0,0,0,0,1,5,No
Mountain High: West,https://www.skiresort.info/ski-resort/mountain-high-west/,149.0,6923.0,7907.0,984.0,9.0,California,140.0,117.0,California Mountain Resort Company,0,0,0,0,0,0,0,1,0,3,0,2,0,0,0,0,0,2,8,No
Mt. Waterman,https://www.skiresort.info/ski-resort/mt-waterman/,80.0,6955.0,8005.0,1050.0,6.0,California,150.0,180.0,Independent,0,0,0,0,0,0,0,0,0,0,0,3,0,0,0,0,0,0,3,No
Mulligan’s Hollow Ski Bowl,https://www.skiresort.info/ski-resort/mulligans-hollow-ski-bowl/,22.0,617.0,764.0,148.0,1.0,Michigan,7.0,60.0,Independent,0,0,0,0,0,0,0,0,0,0,0,0,0,0,0,0,5,0,5,Yes
Mystic Mountain,https://www.skiresort.info/ski-resort/mystic-mountain-farmington/,50.0,1729.0,2031.0,302.0,2.0,Pennsylvania,27.0,31.0,Independent,0,0,0,0,0,0,0,0,1,0,0,0,0,0,0,0,1,0,2,No
Nashoba Valley,https://www.skiresort.info/ski-resort/nashoba-valley/,80.0,190.0,420.0,230.0,4.0,Massachusetts,59.0,50.0,Independent,0,0,0,0,0,0,0,0,0,3,0,1,0,0,0,0,3,4,11,No
Nordic Mountain,https://www.skiresort.info/ski-resort/nordic-mountain/,80.0,928.0,1138.0,210.0,4.0,Wisconsin,60.0,60.0,Schmitz Brothers,0,0,0,0,0,0,0,0,0,1,0,1,0,0,0,0,2,2,6,No
Nordic Valley,https://www.skiresort.info/ski-resort/nordic-valley/,72.0,5354.0,7064.0,1709.0,6.0,Utah,200.0,300.0,Mountain Capital Partners,0,0,0,0,0,1,0,0,0,1,0,2,0,0,0,0,0,1,5,No
Northeast Slopes,https://www.skiresort.info/ski-resort/northeast-slopes-east-corinth/,15.0,827.0,1165.0,338.0,1.0,Vermont,,,Independent,0,0,0,0,0,0,0,0,0,0,0,0,0,1,0,0,2,0,3,Yes
Northstar California Resort,https://www.skiresort.info/ski-resort/northstar-california-resort/,270.0,6329.0,8609.0,2280.0,60.0,California,3170.0,350.0,Vail Resorts,0,1,1,0,0,1,1,6,1,2,0,0,0,0,0,1,1,5,20,No
Norway Mountain,https://www.skiresort.info/ski-resort/norway-mountain/,69.0,984.0,1332.0,348.0,5.0,Michigan,80.0,27.0,Independent,0,0,0,0,0,0,0,0,0,1,0,2,0,0,0,0,3,0,6,No
Nub’s Nob Ski Area,https://www.skiresort.info/ski-resort/nubs-nob-ski-area/,110.0,919.0,1322.0,404.0,12.0,Michigan,248.0,123.0,Independent,0,0,0,0,0,0,0,0,3,4,0,1,0,0,0,0,1,1,10,No
Oak Mountain,https://www.skiresort.info/ski-resort/oak-mountain/,56.0,1749.0,2402.0,653.0,7.0,New York,100.0,101.0,Independent,0,0,0,0,0,0,0,0,1,0,0,0,0,1,0,0,0,2,4,No
Ober Mountain,https://www.skiresort.info/ski-resort/ober-gatlinburg/,99.0,1362.0,2648.0,3219.0,4.0,Tennessee,38.0,35.0,Independent,1,0,0,0,0,0,0,0,3,0,0,0,0,0,0,0,0,2,6,No
Oglebay Resort,https://www.skiresort.info/ski-resort/oglebay-resort/,34.0,915.0,1100.0,185.0,1.0,West Virginia,,,Independent,0,0,0,0,0,0,0,0,0,1,0,0,0,0,0,0,1,0,2,No
Okemo,https://www.skiresort.info/ski-resort/okemo/,207.0,1142.0,3343.0,2201.0,43.0,Vermont,632.0,200.0,Vail Resorts,0,0,0,0,0,2,0,4,5,2,0,0,0,0,0,1,0,6,20,No
Otis Ridge,https://www.skiresort.info/ski-resort/otis-ridge/,55.0,1230.0,1575.0,344.0,2.0,Massachusetts,70.0,70.0,Independent,0,0,0,0,0,0,0,0,0,0,0,1,0,1,0,0,1,2,5,No
Otsego,https://www.skiresort.info/ski-resort/otsego-gaylord/,75.0,1086.0,1385.0,299.0,4.0,Michigan,160.0,155.0,Independent,0,0,0,0,0,0,0,0,1,1,0,3,0,0,0,0,0,0,5,No
Pajarito Mountain,https://www.skiresort.info/ski-resort/pajarito-mountain/,65.0,8999.0,10440.0,1440.0,16.0,New Mexico,750.0,125.0,Mountain Capital Partners,0,0,0,0,0,0,0,0,1,1,0,3,0,0,0,0,0,1,6,No
Palisades Tahoe,https://www.skiresort.info/ski-resort/palisades-tahoe/,290.0,6201.0,9006.0,2805.0,124.0,California,6000.0,400.0,Alterra,1,2,0,0,0,8,0,5,1,10,0,8,0,0,0,0,0,7,42,No
Paoli Peaks,https://www.skiresort.info/ski-resort/paoli-peaks/,50.0,545.0,823.0,279.0,4.0,Indiana,65.0,18.0,Vail Resorts,0,0,0,0,0,0,0,0,1,3,0,1,0,0,0,0,0,2,7,No
Park City,https://www.skiresort.info/ski-resort/park-city/,328.0,6801.0,10000.0,3199.0,155.0,Utah,7300.0,355.0,Vail Resorts,0,3,1,1,0,6,0,10,5,7,0,3,0,0,0,0,2,3,41,No
Pats Peak,https://www.skiresort.info/ski-resort/pats-peak/,99.0,591.0,1398.0,807.0,21.0,New Hampshire,115.0,100.0,Independent,0,0,0,0,0,0,0,0,1,3,0,2,0,0,1,0,2,2,11,No
Paul Bunyan Ski Hill,https://www.skiresort.info/ski-resort/paul-bunyan-ski-hill/,30.0,1247.0,1362.0,115.0,1.0,Wisconsin,,65.0,Independent,0,0,0,0,0,0,0,0,0,0,0,0,0,1,0,0,5,0,6,Yes
Pebble Creek,https://www.skiresort.info/ski-resort/pebble-creek/,76.0,6358.0,8560.0,2201.0,12.0,Idaho,1100.0,225.0,Independent,0,0,0,0,0,0,0,0,0,3,0,0,0,0,0,0,0,1,4,No
Peek’N Peak,https://www.skiresort.info/ski-resort/peekn-peak/,76.0,1411.0,1755.0,344.0,7.0,New York,105.0,200.0,Independent,0,0,0,0,0,0,0,0,0,6,0,2,0,0,0,0,0,3,11,No
Perfect North Slopes,https://www.skiresort.info/ski-resort/perfect-north-slopes/,72.0,400.0,801.0,400.0,3.0,Indiana,100.0,18.0,The Perfect Family,0,0,0,0,0,0,0,0,3,2,0,0,0,0,0,0,2,5,12,No
Pico Mountain,https://www.skiresort.info/ski-resort/pico-mountain/,124.0,2001.0,3967.0,1965.0,19.0,Vermont,468.0,250.0,Powdr,0,0,0,0,0,0,0,2,0,2,0,2,0,0,0,0,0,1,7,No
Pine Creek,https://www.skiresort.info/ski-resort/pine-creek/,65.0,6873.0,8228.0,1355.0,10.0,Wyoming,370.0,150.0,Independent,0,0,0,0,0,0,0,0,1,0,0,0,0,0,0,0,0,1,2,No
Pine Knob,https://www.skiresort.info/ski-resort/pine-knob/,69.0,1017.0,1286.0,269.0,3.0,Michigan,80.0,60.0,Wisconsin Resorts,0,0,0,0,0,0,0,0,0,5,0,0,0,0,0,0,5,3,13,No
Pine Mountain,https://www.skiresort.info/ski-resort/pine-mountain/,69.0,1148.0,1512.0,364.0,6.0,Michigan,80.0,60.0,Independent,0,0,0,0,0,0,0,0,0,1,0,2,0,0,0,0,3,0,6,No
Pinnacle Park,https://www.skiresort.info/ski-resort/pinnacle-park-pittsfield/,20.0,240.0,315.0,75.0,0.4,Maine,,,Independent,0,0,0,0,0,0,0,0,0,0,0,0,0,0,0,0,2,0,2,Yes
Plattekill,https://www.skiresort.info/ski-resort/plattekill/,98.0,2283.0,3327.0,1043.0,10.0,New York,75.0,175.0,Independent,0,0,0,0,0,0,0,0,0,1,0,1,0,0,0,0,0,1,3,No
Pleasant Mountain,https://www.skiresort.info/ski-resort/pleasant-mountain/,95.0,525.0,1804.0,1280.0,14.0,Maine,249.0,110.0,Boyne Resorts,0,0,0,0,0,0,0,1,1,2,0,0,0,0,0,0,0,2,6,No
Pomerelle,https://www.skiresort.info/ski-resort/pomerelle/,68.0,7736.0,8661.0,925.0,9.0,Idaho,500.0,500.0,Independent,0,0,0,0,0,0,0,0,0,2,0,0,0,0,0,0,0,1,3,No
Porcupine Mountain,https://www.skiresort.info/ski-resort/porcupine-mountain/,45.0,735.0,1365.0,630.0,6.0,Michigan,250.0,200.0,Independent,0,0,0,0,0,0,0,0,0,1,0,0,0,0,0,0,2,0,3,No
Powder Mountain,https://www.skiresort.info/ski-resort/powder-mountain/,219.0,6893.0,8901.0,2008.0,42.0,Utah,8464.0,400.0,Independent,0,0,0,0,0,0,0,3,7,0,0,0,0,0,0,1,1,1,13,No
Powder Ridge (Minnesota),https://www.skiresort.info/ski-resort/powder-ridge/,55.0,1168.0,1417.0,249.0,2.0,Minnesota,60.0,45.0,Independent,0,0,0,0,0,0,0,0,2,0,0,1,0,0,1,0,3,0,7,No
Powder Ridge Mountain Park (Connecticut),https://www.skiresort.info/ski-resort/powder-ridge-mountain-park-resort/,59.0,377.0,804.0,427.0,3.0,Connecticut,80.0,38.0,Independent,0,0,0,0,0,0,0,0,0,1,0,2,0,0,0,0,0,2,5,No
Powderhorn,https://www.skiresort.info/ski-resort/powderhorn/,119.0,8199.0,9843.0,1644.0,24.0,Colorado,1600.0,250.0,Pacific Group Resorts,0,0,0,0,0,0,0,1,0,0,0,2,0,0,0,0,0,2,5,No
Powderhouse Hill,https://www.skiresort.info/ski-resort/powderhouse-hill-south-berwick/,5.0,121.0,262.0,141.0,0.3,Maine,,,Independent,0,0,0,0,0,0,0,0,0,0,0,0,0,0,0,0,1,0,1,Yes
Powers Bluff,https://www.skiresort.info/ski-resort/powers-bluff/,13.0,1312.0,1430.0,118.0,1.0,Wisconsin,,,Independent,0,0,0,0,0,0,0,0,0,0,0,0,0,0,0,0,1,0,1,Yes
Purgatory,https://www.skiresort.info/ski-resort/purgatory-durango/,129.0,8793.0,10823.0,2031.0,53.0,Colorado,1635.0,260.0,Mountain Capital Partners,0,0,0,0,0,1,0,2,0,4,0,3,0,0,0,0,0,2,12,No
Quechee Lakes Ski Area,https://www.skiresort.info/ski-resort/quechee-lakes-ski-area/,57.0,650.0,1247.0,597.0,3.0,Vermont,,,Independent,0,0,0,0,0,0,0,0,1,0,0,0,0,1,0,0,1,0,3,No
Quoggy Joe Ski Center,https://www.skiresort.info/ski-resort/quoggy-jo-ski-center-presque-isle/,15.0,712.0,902.0,190.0,0.4,Maine,,,Independent,0,0,0,0,0,0,0,0,0,0,0,0,0,1,0,0,0,0,1,Yes
Ragged Mountain,https://www.skiresort.info/ski-resort/ragged-mountain/,119.0,1115.0,2231.0,1115.0,14.0,New Hampshire,224.0,100.0,Pacific Group Resorts,0,0,0,0,0,1,0,1,0,1,0,0,0,0,0,0,0,0,3,No
Red Hill – Moultonborough,https://www.skiresort.info/ski-resort/red-hill-moultonborough/,25.0,627.0,853.0,226.0,1.0,New Hampshire,,,Independent,0,0,0,0,0,0,0,0,0,0,0,0,0,0,0,0,1,0,1,Yes
Red Lodge Mountain,https://www.skiresort.info/ski-resort/red-lodge-mountain/,107.0,7014.0,9416.0,2402.0,40.0,Montana,1635.0,250.0,JMA Ventures,0,0,0,0,0,0,0,2,0,1,1,2,0,0,0,0,0,2,8,No
Red River,https://www.skiresort.info/ski-resort/red-river/,129.0,8661.0,10285.0,1624.0,12.0,New Mexico,209.0,214.0,Independent,0,0,0,0,0,0,0,0,1,4,0,0,0,0,0,0,2,0,7,No
Rotarun,https://www.skiresort.info/ski-resort/rotarun/,15.0,5482.0,5873.0,390.0,3.0,Idaho,15.0,100.0,Independent,0,0,0,0,0,0,0,0,0,0,0,0,0,0,0,1,1,0,2,Yes
Roundtop,https://www.skiresort.info/ski-resort/roundtop/,117.0,755.0,1345.0,591.0,5.0,Pennsylvania,103.0,30.0,Vail Resorts,0,0,0,0,0,0,0,0,3,2,0,0,0,0,1,0,0,3,9,No
Royal Mountain,https://www.skiresort.info/ski-resort/royal-mountain/,60.0,1201.0,1775.0,574.0,5.0,New York,40.0,90.0,Independent,0,0,0,0,0,0,0,0,0,0,0,3,0,0,0,0,0,1,4,No
Saddleback,https://www.skiresort.info/ski-resort/saddleback/,139.0,2119.0,4003.0,1883.0,14.0,Maine,600.0,225.0,Independent,0,0,0,0,0,0,0,1,3,0,0,0,0,0,1,0,0,1,6,No
Sapphire Valley,https://www.skiresort.info/ski-resort/sapphire-valley/,68.0,3163.0,3297.0,135.0,0.5,North Carolina,8.0,24.0,Independent,0,0,0,0,0,0,0,0,1,0,0,0,0,0,0,0,1,1,3,No
Saskadena Six,https://www.skiresort.info/ski-resort/saskadena-six/,109.0,722.0,1348.0,627.0,7.0,Vermont,100.0,90.0,Independent,0,0,0,0,0,0,0,0,1,0,0,1,0,0,0,0,0,1,3,No
Sawmill Mountain Resort,https://www.skiresort.info/ski-resort/sawmill-mountain-resort/,59.0,1673.0,2034.0,361.0,3.0,Pennsylvania,15.0,24.0,Independent,0,0,0,0,0,0,0,0,0,1,0,1,0,2,0,0,0,0,4,No
Schweitzer Mountain Resort,https://www.skiresort.info/ski-resort/schweitzer-mountain-resort/,150.0,3957.0,6398.0,2441.0,40.0,Idaho,2900.0,300.0,Alterra,0,0,0,0,0,1,0,4,0,2,0,1,0,1,0,0,0,1,10,No
Seven Oaks,https://www.skiresort.info/ski-resort/seven-oaks/,48.0,909.0,1083.0,174.0,2.0,Iowa,35.0,40.0,Independent,0,0,0,0,0,0,0,0,0,2,0,0,0,0,0,0,3,0,5,No
Seven Springs,https://www.skiresort.info/ski-resort/seven-springs/,111.0,2264.0,3002.0,738.0,11.0,Pennsylvania,285.0,135.0,Vail Resorts,0,0,0,0,0,2,0,0,4,4,0,0,0,0,0,0,1,3,14,No
Shanty Creek Resorts – Schuss Mountain,https://www.skiresort.info/ski-resort/shanty-creek-resorts-schuss-mountain/,96.0,820.0,1168.0,348.0,7.0,Michigan,80.0,160.0,Independent,0,0,0,0,0,0,0,0,5,0,0,2,0,0,0,0,1,1,9,No
Shawnee Mountain,https://www.skiresort.info/ski-resort/shawnee-mountain/,85.0,476.0,1148.0,673.0,11.0,Pennsylvania,120.0,50.0,Independent,0,0,0,0,0,0,0,1,1,0,0,4,0,0,0,0,0,3,9,No
Showdown,https://www.skiresort.info/ski-resort/showdown/,68.0,6857.0,8202.0,1345.0,12.0,Montana,640.0,255.0,Independent,0,0,0,0,0,0,0,0,0,1,0,2,0,0,0,0,0,1,4,No
Sierra at Tahoe,https://www.skiresort.info/ski-resort/sierra-at-tahoe/,175.0,6640.0,8852.0,2211.0,29.0,California,2000.0,480.0,Independent,0,0,0,0,0,0,0,3,0,1,0,5,0,0,0,0,0,5,14,No
Silver Mountain,https://www.skiresort.info/ski-resort/silver-mountain/,77.0,2300.0,4101.0,6299.0,16.0,Idaho,1600.0,300.0,CMR Lands,0,1,0,0,0,0,0,0,1,2,0,2,0,0,0,0,0,0,6,No
Silverton Mountain,https://www.skiresort.info/ski-resort/silverton-mountain/,269.0,10325.0,12434.0,2110.0,,Colorado,1819.0,400.0,Independent,0,0,0,0,0,0,0,0,0,0,0,1,0,0,0,0,0,0,1,No
Sipapu,https://www.skiresort.info/ski-resort/sipapu/,72.0,8202.0,9268.0,1066.0,11.0,New Mexico,205.0,190.0,Mountain Capital Partners,0,0,0,0,0,0,0,0,1,2,0,1,0,0,0,0,0,2,6,No
Sitzmark Ski Mountain,https://www.skiresort.info/ski-resort/sitzmark/,50.0,4364.0,4872.0,509.0,5.0,Washington,80.0,60.0,Independent,0,0,0,0,0,0,0,0,0,0,0,1,0,0,0,0,1,0,2,No
Skeetawk,https://www.skiresort.info/ski-resort/skeetawk-hatcher-pass/,44.0,1450.0,2651.0,1201.0,2.0,Alaska,30.0,,Independent,0,0,0,0,0,0,0,0,0,1,0,0,0,0,0,0,0,0,1,No
Ski Apache,https://www.skiresort.info/ski-resort/apache/,195.0,9600.0,11401.0,1801.0,34.0,New Mexico,750.0,180.0,Independent,0,1,0,0,0,0,0,0,3,5,0,0,0,0,0,0,2,0,11,No
Ski Brule,https://www.skiresort.info/ski-resort/ski-brule/,74.0,1542.0,1854.0,312.0,5.0,Michigan,150.0,150.0,Independent,0,0,0,0,0,0,0,0,0,0,0,5,0,2,0,0,5,0,12,No
Ski Cooper,https://www.skiresort.info/ski-resort/cooper/,110.0,10499.0,11699.0,1201.0,16.0,Colorado,480.0,260.0,Independent,0,0,0,0,0,0,0,0,0,1,0,1,0,1,0,1,0,1,5,No
Ski Santa Fe,https://www.skiresort.info/ski-resort/santa-fe/,105.0,10348.0,12070.0,1722.0,21.0,New Mexico,660.0,225.0,Independent,0,0,0,0,0,0,0,1,1,2,0,1,0,0,0,0,0,2,7,No
Skiland – Mt. Aurora,https://www.skiresort.info/ski-resort/skiland-mt-aurora/,55.0,1394.0,2444.0,1050.0,11.0,Alaska,100.0,300.0,Independent,0,0,0,0,0,0,0,0,0,0,0,1,0,0,0,0,0,1,2,No
Sleeping Giant,https://www.skiresort.info/ski-resort/sleeping-giant/,70.0,6644.0,7431.0,787.0,11.0,Wyoming,184.0,310.0,Independent,0,0,0,0,0,0,0,0,0,1,0,1,0,0,0,0,0,1,3,No
Smugglers’ Notch,https://www.skiresort.info/ski-resort/smugglers-notch/,119.0,1030.0,3648.0,2618.0,48.0,Vermont,1000.0,288.0,Independent,0,0,0,0,0,0,0,0,0,0,0,6,0,1,0,0,0,2,9,No
Snow Creek,https://www.skiresort.info/ski-resort/snow-creek/,88.0,820.0,1099.0,279.0,2.0,Missouri,35.0,20.0,Vail Resorts,0,0,0,0,0,0,0,0,0,2,0,1,0,0,0,0,1,1,5,No
Snow King,https://www.skiresort.info/ski-resort/snow-king-mountain-jackson/,105.0,6250.0,8002.0,1752.0,10.0,Wyoming,500.0,300.0,Independent,0,1,0,0,0,0,0,0,1,2,0,0,0,0,0,0,2,3,9,No
Snow Ridge,https://www.skiresort.info/ski-resort/snow-ridge/,65.0,1352.0,1850.0,499.0,6.0,New York,130.0,230.0,Independent,0,0,0,0,0,0,0,0,0,0,0,3,0,1,0,0,0,1,5,No
Snow Snake,https://www.skiresort.info/ski-resort/snow-snake/,43.0,1040.0,1211.0,171.0,2.0,Michigan,40.0,60.0,Independent,0,0,0,0,0,0,0,0,0,1,0,0,0,0,0,0,2,1,4,No
Snow Trails,https://www.skiresort.info/ski-resort/snow-trails/,65.0,1214.0,1444.0,230.0,3.0,Ohio,80.0,52.0,Vail Resorts,0,0,0,0,0,0,0,0,0,4,0,2,0,0,0,0,1,2,9,No
Snowbasin,https://www.skiresort.info/ski-resort/snowbasin/,219.0,6398.0,9350.0,2953.0,50.0,Utah,3000.0,300.0,The Holding Family,1,2,0,0,0,3,0,3,0,1,0,0,0,0,0,0,1,2,13,No
Snowbird,https://www.skiresort.info/ski-resort/snowbird/,216.0,7759.0,11001.0,3241.0,64.0,Utah,2500.0,500.0,Powdr,1,0,0,0,0,0,0,6,1,0,0,3,0,0,0,0,0,3,14,No
Snowhaven,https://www.skiresort.info/ski-resort/snowhaven/,24.0,5305.0,5676.0,371.0,2.0,Idaho,40.0,60.0,Independent,0,0,0,0,0,0,0,0,0,0,0,0,0,1,0,0,0,0,1,Yes
Snowmass,https://www.skiresort.info/ski-resort/snowmass/,264.0,8114.0,12510.0,4396.0,147.0,Colorado,3342.0,300.0,Aspen Skiing Company,0,1,1,0,0,3,0,6,2,0,0,1,0,1,0,3,0,2,20,No
Snowriver: Black River Basin,https://www.skiresort.info/ski-resort/black-river-basin-snowriver-mountain-resort/,119.0,1184.0,1673.0,489.0,6.0,Michigan,170.0,204.0,Midwest Family Ski Resorts,0,0,0,0,0,0,0,0,0,0,0,4,0,0,0,0,1,0,5,No
Snowriver: Jackson Creek Summit,https://www.skiresort.info/ski-resort/jackson-creek-summit-snowriver-mountain-resort/,119.0,1296.0,1936.0,640.0,6.0,Michigan,230.0,204.0,Midwest Family Ski Resorts,0,0,0,0,0,1,0,0,0,0,0,2,0,1,0,0,1,1,6,No
Snowshoe Mountain,https://www.skiresort.info/ski-resort/snowshoe-mountain/,169.0,3281.0,4849.0,1568.0,19.0,West Virginia,257.0,180.0,Alterra,0,0,0,0,0,0,0,3,1,3,0,0,0,0,0,0,0,0,7,No
Snowstar,https://www.skiresort.info/ski-resort/snowstar/,54.0,591.0,771.0,180.0,2.0,Illinois,28.0,39.0,Independent,0,0,0,0,0,0,0,0,2,0,0,2,0,0,0,0,0,1,5,No
Snowy Range,https://www.skiresort.info/ski-resort/snowy-range/,69.0,8786.0,9662.0,876.0,10.0,Wyoming,250.0,245.0,Independent,0,0,0,0,0,0,0,0,0,1,0,3,0,0,0,0,0,1,5,No
Soda Springs,https://www.skiresort.info/ski-resort/soda-springs/,70.0,6759.0,7323.0,564.0,6.0,California,200.0,400.0,Powdr,0,0,0,0,0,0,0,0,0,1,0,1,0,0,0,0,0,1,3,No
Soldier Mountain,https://www.skiresort.info/ski-resort/soldier-mountain/,69.0,5807.0,7178.0,1371.0,16.0,Idaho,1142.0,100.0,Independent,0,0,0,0,0,0,0,0,0,0,0,2,0,0,0,0,0,1,3,No
Solitude,https://www.skiresort.info/ski-resort/solitude/,189.0,8005.0,10036.0,2031.0,40.0,Utah,1200.0,500.0,Alterra,0,0,0,0,0,1,0,3,2,1,0,1,0,0,0,0,0,1,9,No
Song Mountain,https://www.skiresort.info/ski-resort/song-mountain/,85.0,1312.0,1919.0,607.0,8.0,New York,100.0,125.0,Independent,0,0,0,0,0,0,0,0,0,2,0,2,0,0,0,0,0,0,4,No
Spirit Mountain,https://www.skiresort.info/ski-resort/spirit-mountain/,86.0,689.0,1280.0,591.0,7.0,Minnesota,174.0,100.0,Independent,0,0,0,0,0,0,0,1,2,0,0,0,0,0,0,0,1,2,6,No
Spring Mountain,https://www.skiresort.info/ski-resort/spring-mountain/,58.0,164.0,492.0,328.0,5.0,Pennsylvania,45.0,27.0,Independent,0,0,0,0,0,0,0,0,0,1,0,3,0,0,0,0,1,1,6,No
Spruce Mountain,https://www.skiresort.info/ski-resort/spruce-mountain-jay/,30.0,351.0,600.0,249.0,1.0,Maine,,,Independent,0,0,0,0,0,0,0,0,0,0,0,0,0,0,0,0,3,0,3,Yes
Standing Rocks Park,https://www.skiresort.info/ski-resort/standing-rocks/,16.0,1099.0,1220.0,121.0,1.0,Wisconsin,30.0,45.0,Independent,0,0,0,0,0,0,0,0,0,0,0,0,0,0,0,0,1,0,1,Yes
Steamboat,https://www.skiresort.info/ski-resort/steamboat/,299.0,6900.0,10568.0,3668.0,103.0,Colorado,3500.0,313.0,Alterra,0,2,1,0,0,1,0,8,0,4,0,2,0,0,0,0,1,6,25,No
Steeplechase,https://www.skiresort.info/ski-resort/steeplechase-ski-area/,45.0,902.0,1115.0,213.0,2.0,Minnesota,45.0,,Independent,0,0,0,0,0,0,0,0,0,2,0,2,0,0,0,0,0,0,4,No
Stevens Pass,https://www.skiresort.info/ski-resort/stevens-pass/,119.0,3839.0,5741.0,1903.0,24.0,Washington,1125.0,460.0,Vail Resorts,0,0,0,0,0,0,0,4,2,3,0,1,0,0,0,0,0,2,12,No
Storrs Hill,https://www.skiresort.info/ski-resort/storrs-hill-lebanon/,15.0,558.0,925.0,367.0,1.0,New Hampshire,20.0,,Independent,0,0,0,0,0,0,0,0,0,0,0,0,0,0,0,1,0,0,1,Yes
Stowe,https://www.skiresort.info/ski-resort/stowe/,239.0,1280.0,3661.0,2382.0,43.0,Vermont,485.0,314.0,Vail Resorts,0,2,0,0,0,1,0,3,1,1,0,2,0,0,0,0,0,2,12,No
Stratton,https://www.skiresort.info/ski-resort/stratton/,197.78,1969.0,3875.0,1906.0,57.0,Vermont,670.0,180.0,Alterra,0,1,0,0,0,4,0,1,2,1,0,1,0,0,0,0,0,4,14,No
Sugar Bowl,https://www.skiresort.info/ski-resort/sugar-bowl/,244.0,6883.0,8383.0,1499.0,43.0,California,1650.0,500.0,Independent,0,1,0,0,0,0,0,5,3,1,0,0,0,0,0,1,0,1,12,No
Sugar Mountain,https://www.skiresort.info/ski-resort/sugar-mountain/,94.0,4098.0,5213.0,1115.0,9.0,North Carolina,115.0,70.0,Independent,0,0,0,0,0,1,0,2,1,0,0,2,0,0,0,0,0,1,7,No
Sugarbush,https://www.skiresort.info/ski-resort/sugarbush/,243.75,1483.0,4068.0,2585.0,53.0,Vermont,581.0,250.0,Alterra,0,0,0,0,0,0,0,5,6,1,0,1,0,1,0,0,0,3,17,No
Sugarloaf,https://www.skiresort.info/ski-resort/sugarloaf/,139.0,1398.0,4219.0,2822.0,54.0,Maine,1230.0,200.0,Boyne Resorts,0,0,0,0,0,0,0,3,3,1,0,5,0,2,0,0,0,1,15,No
Sun Valley: Bald Mountain,https://www.skiresort.info/ski-resort/bald-mountain-sun-valley/,209.0,5751.0,9150.0,3399.0,56.0,Idaho,2054.0,200.0,The Holding Family,0,1,0,0,0,2,0,6,0,2,0,0,0,0,0,0,0,1,12,No
Sun Valley: Dollar Mountain,https://www.skiresort.info/ski-resort/dollar-mountain-sun-valley/,139.0,6010.0,6637.0,627.0,6.0,Idaho,189.0,,The Holding Family,0,0,0,0,0,0,0,2,0,1,0,1,0,0,0,0,0,1,5,No
Sunburst,https://www.skiresort.info/ski-resort/sunburst/,70.0,974.0,1171.0,197.0,2.0,Wisconsin,40.0,50.0,Independent,0,0,0,0,0,0,0,0,0,0,0,3,0,0,0,0,4,2,9,No
Sundance,https://www.skiresort.info/ski-resort/sundance/,159.0,6070.0,8251.0,2182.0,27.0,Utah,450.0,300.0,Independent,0,0,0,0,0,0,0,1,4,1,0,0,0,0,0,0,0,3,9,No
Sunday River,https://www.skiresort.info/ski-resort/sunday-river/,159.0,820.0,3140.0,2320.0,53.0,Maine,870.0,167.0,Boyne Resorts,0,0,0,0,1,1,1,2,5,5,0,1,0,1,0,0,0,3,20,No
Sundown (Connecticut),https://www.skiresort.info/ski-resort/sundown/,75.0,449.0,1076.0,627.0,4.0,Connecticut,65.0,45.0,Independent,0,0,0,0,0,0,0,0,1,2,0,0,0,0,0,0,0,2,5,No
Sundown (Iowa),https://www.skiresort.info/ski-resort/sundown-mountain-resort/,87.0,715.0,1148.0,433.0,2.0,Iowa,55.0,45.0,Independent,0,0,0,0,0,0,0,0,1,1,0,2,0,0,0,0,0,2,6,No
Sunlight Mountain,https://www.skiresort.info/ski-resort/sunlight-mountain/,104.0,7884.0,9892.0,2008.0,12.0,Colorado,730.0,250.0,Independent,0,0,0,0,0,0,0,0,1,2,0,0,0,0,0,0,0,7,10,No
Sunrise Park,https://www.skiresort.info/ski-resort/sunrise-park/,99.0,9360.0,10925.0,1565.0,,Arizona,1200.0,250.0,Independent,0,0,0,0,0,0,0,1,2,2,0,1,0,0,0,0,1,1,8,No
Swain,https://www.skiresort.info/ski-resort/swain/,79.0,1312.0,1969.0,656.0,7.0,New York,130.0,120.0,Independent,0,0,0,0,0,0,0,0,3,0,0,1,0,0,0,0,0,1,5,No
Swiss Valley,https://www.skiresort.info/ski-resort/swiss-valley/,53.0,971.0,1194.0,223.0,1.0,Michigan,60.0,60.0,Independent,0,0,0,0,0,0,0,0,2,1,0,0,0,0,0,0,2,0,5,No
Tahoe Donner,https://www.skiresort.info/ski-resort/tahoe-donner/,110.0,6749.0,7349.0,600.0,9.0,California,120.0,400.0,Independent,0,0,0,0,0,0,0,0,1,1,0,0,0,0,0,0,0,3,5,No
Tamarack Resort,https://www.skiresort.info/ski-resort/tamarack-resort/,140.0,4888.0,7700.0,2812.0,26.0,Idaho,1100.0,300.0,Independent,0,0,0,0,0,0,0,3,2,0,0,0,0,0,0,1,0,1,7,No
Taos,https://www.skiresort.info/ski-resort/taos/,195.0,9203.0,12451.0,3248.0,70.0,New Mexico,1294.0,300.0,Independent,0,0,1,0,0,0,0,2,2,4,0,1,0,0,0,0,0,3,13,No
Telluride,https://www.skiresort.info/ski-resort/telluride/,260.0,8727.0,12516.0,3789.0,55.0,Colorado,2000.0,280.0,Independent,0,2,0,0,0,0,1,7,1,1,0,2,0,0,0,2,0,3,19,No
Tenney Mountain,https://www.skiresort.info/ski-resort/tenney-mountain/,85.0,748.0,2149.0,1401.0,9.0,New Hampshire,,,Independent,0,0,0,0,0,0,0,0,0,1,0,1,0,0,0,1,0,2,5,No
Terry Peak,https://www.skiresort.info/ski-resort/terry-peak/,71.0,5906.0,6988.0,1083.0,10.0,South Dakota,450.0,150.0,Independent,0,0,0,0,0,0,0,3,0,1,0,0,0,0,0,0,0,1,5,No
Teton Pass,https://www.skiresort.info/ski-resort/teton-pass/,59.0,6188.0,7198.0,1010.0,9.0,Montana,407.0,250.0,Independent,0,0,0,0,0,0,0,0,0,0,0,1,0,0,0,1,0,1,3,No
The Highlands at Harbor Springs,https://www.skiresort.info/ski-resort/the-highlands-at-harbor-springs/,112.0,787.0,1339.0,551.0,16.0,Michigan,435.0,140.0,Boyne Resorts,0,0,0,0,0,1,0,1,3,1,0,0,0,0,0,0,1,2,9,No
The Homestead Resort,https://www.skiresort.info/ski-resort/the-homestead-resort/,99.0,689.0,869.0,180.0,2.0,Michigan,16.0,150.0,Independent,0,0,0,0,0,0,0,0,0,2,0,1,0,0,0,0,1,1,5,No
The Omni Homestead,https://www.skiresort.info/ski-resort/the-omni-homestead/,64.0,2461.0,3051.0,591.0,2.0,Virginia,45.0,50.0,Independent,0,0,0,0,0,0,0,0,0,0,0,1,0,0,0,0,1,0,2,No
The Summit at Snoqualmie: Alpental,https://www.skiresort.info/ski-resort/alpental/,140.0,3156.0,5479.0,2323.0,6.0,Washington,875.0,428.0,Boyne Resorts,0,0,0,0,0,0,0,1,0,3,0,1,0,0,0,0,0,1,6,No
The Summit at Snoqualmie: Summit Areas,https://www.skiresort.info/ski-resort/the-summit-at-snoqualmie/,140.0,2625.0,3871.0,1247.0,17.0,Washington,1119.0,428.0,Boyne Resorts,0,0,0,0,0,0,0,2,5,3,0,5,0,0,0,0,0,4,19,No
Thunder Ridge,https://www.skiresort.info/ski-resort/thunder-ridge/,79.0,482.0,876.0,394.0,3.0,New York,100.0,60.0,Independent,0,0,0,0,0,0,0,0,0,1,0,2,0,0,0,0,0,5,8,No
Timber Ridge,https://www.skiresort.info/ski-resort/timber-ridge/,62.0,673.0,899.0,226.0,2.0,Michigan,50.0,60.0,Independent,0,0,0,0,0,0,0,0,1,1,0,2,0,0,0,0,4,1,9,No
Timberline (Oregon),https://www.skiresort.info/ski-resort/timberline/,149.0,4849.0,8540.0,3691.0,19.0,Oregon,1685.0,540.0,Independent,0,0,0,0,0,0,0,6,0,0,0,2,0,0,0,0,0,1,9,No
Timberline Mountain (West Virginia),https://www.skiresort.info/ski-resort/timberline-mountain/,95.0,3268.0,4268.0,1001.0,11.0,West Virginia,100.0,200.0,The Perfect Family,0,0,0,0,0,1,0,0,1,0,0,0,0,0,0,0,0,2,4,No
Timberline Summit Pass,https://www.skiresort.info/ski-resort/timberline-summit-pass/,56.0,3999.0,4304.0,305.0,3.0,Oregon,50.0,250.0,Independent,0,0,0,0,0,0,0,0,0,0,0,1,0,0,0,0,0,1,2,No
Titcomb Mountain,https://www.skiresort.info/ski-resort/titcomb-mountain/,45.0,413.0,689.0,276.0,3.0,Maine,45.0,85.0,Independent,0,0,0,0,0,0,0,0,0,0,0,0,0,2,0,0,1,0,3,Yes
Titus Mountain,https://www.skiresort.info/ski-resort/titus-mountain/,79.0,1060.0,2024.0,965.0,17.0,New York,200.0,150.0,Independent,0,0,0,0,0,0,0,0,0,2,0,5,0,0,0,0,0,1,8,No
Treetops,https://www.skiresort.info/ski-resort/treetops/,40.0,1119.0,1332.0,213.0,3.0,Michigan,80.0,150.0,Independent,0,0,0,0,0,0,0,0,0,3,0,0,0,0,0,0,0,2,5,No
Triangle Sports Area – Green Bay,https://www.skiresort.info/ski-resort/triangle-sports-area-green-bay/,7.0,640.0,712.0,72.0,0.2,Wisconsin,,,Independent,0,0,0,0,0,0,0,0,0,0,0,0,0,0,0,0,3,0,3,Yes
Trollhaugen,https://www.skiresort.info/ski-resort/trollhaugen/,67.0,951.0,1188.0,236.0,3.0,Wisconsin,86.0,50.0,Independent,0,0,0,0,0,0,0,0,4,0,0,0,0,0,0,0,5,0,9,No
Turner Mountain,https://www.skiresort.info/ski-resort/turner-mountain/,45.0,3842.0,5951.0,2110.0,9.0,Montana,1000.0,200.0,Independent,0,0,0,0,0,0,0,0,0,0,0,1,0,0,0,0,0,0,1,No
Tussey Mountain,https://www.skiresort.info/ski-resort/tussey-mountain/,62.0,1316.0,1814.0,499.0,2.0,Pennsylvania,38.0,41.0,Independent,0,0,0,0,0,0,0,0,1,0,0,1,0,1,0,0,0,0,3,No
Tyrol Basin,https://www.skiresort.info/ski-resort/tyrol-basin-mt-horeb/,60.0,873.0,1142.0,269.0,3.0,Wisconsin,32.0,41.0,Independent,0,0,0,0,0,0,0,0,0,3,0,0,0,0,0,0,2,2,7,No
Vail Mountain,https://www.skiresort.info/ski-resort/vail/,329.0,8061.0,11572.0,3510.0,145.0,Colorado,5317.0,354.0,Vail Resorts,0,2,0,0,0,4,0,14,1,2,0,0,0,1,0,3,0,5,32,No
Val Bialas Ski Center – Utica,https://www.skiresort.info/ski-resort/val-bialas-ski-center-utica/,10.0,574.0,823.0,249.0,1.0,New York,10.0,88.0,Independent,0,0,0,0,0,0,0,0,0,0,0,0,0,0,0,0,1,0,1,Yes
Veterans Memorial – Franklin,https://www.skiresort.info/ski-resort/veterans-memorial-franklin/,30.0,774.0,1001.0,226.0,1.0,New Hampshire,50.0,,Independent,0,0,0,0,0,0,0,0,0,0,0,0,0,1,0,0,1,0,2,Yes
Victor Constant,https://www.skiresort.info/ski-resort/victor-constant-west-point/,38.0,459.0,968.0,509.0,2.0,New York,,39.0,Independent,0,0,0,0,0,0,0,0,0,1,0,0,0,0,0,0,1,0,2,No
Villa Olivia,https://www.skiresort.info/ski-resort/villa-olivia-bartlett/,45.0,791.0,846.0,56.0,1.0,Illinois,15.0,25.0,Independent,0,0,0,0,0,0,0,0,1,0,0,0,0,0,0,0,6,0,7,No
Villa Roma,https://www.skiresort.info/ski-resort/villa-roma/,35.0,1099.0,1280.0,180.0,1.0,New York,,,Independent,0,0,0,0,0,0,0,0,0,0,0,1,0,0,0,0,0,0,1,No
Wachusett Mountain,https://www.skiresort.info/ski-resort/wachusett-mountain/,107.0,1004.0,2005.0,1001.0,7.0,Massachusetts,110.0,100.0,Independent,0,0,0,0,0,1,0,2,0,1,0,0,0,0,0,0,0,3,7,No
Ward Hill – Shrewsbury,https://www.skiresort.info/ski-resort/ward-hill-shrewsbury/,68.0,344.0,525.0,180.0,1.0,Massachusetts,45.0,80.0,Independent,0,0,0,0,0,0,0,0,0,1,0,0,0,1,0,0,1,1,4,No
Warner Canyon,https://www.skiresort.info/ski-resort/warner-canyon-lakeview/,40.0,5699.0,6480.0,781.0,6.0,Oregon,200.0,50.0,Independent,0,0,0,0,0,0,0,0,0,1,0,0,0,0,0,0,0,0,1,No
Waterville Valley,https://www.skiresort.info/ski-resort/waterville-valley/,139.0,1985.0,4003.0,2018.0,16.0,New Hampshire,265.0,148.0,Independent,0,0,0,0,0,1,0,1,0,2,0,3,0,2,0,0,0,2,11,No
Welch Village,https://www.skiresort.info/ski-resort/welch-village/,82.0,699.0,1060.0,361.0,4.0,Minnesota,140.0,45.0,Independent,0,0,0,0,0,0,0,0,7,1,0,0,0,0,0,0,1,2,11,No
Wenatchee – Mission Ridge,https://www.skiresort.info/ski-resort/wenatchee-mission-ridge/,119.0,4567.0,6818.0,2251.0,22.0,Washington,2000.0,200.0,Independent,0,0,0,0,0,0,0,1,0,0,0,3,0,0,0,0,2,1,7,No
West Mountain,https://www.skiresort.info/ski-resort/west-mountain/,89.0,449.0,1427.0,978.0,6.0,New York,124.0,80.0,Independent,0,0,0,0,0,0,0,0,1,2,0,0,0,0,0,0,1,1,5,No
Whaleback,https://www.skiresort.info/ski-resort/whaleback/,50.0,1138.0,1781.0,643.0,7.0,New Hampshire,85.0,110.0,Independent,0,0,0,0,0,0,0,0,0,0,0,1,0,1,0,0,1,1,4,No
White Pass,https://www.skiresort.info/ski-resort/white-pass/,75.0,4498.0,6516.0,2018.0,19.0,Washington,1402.0,400.0,Independent,0,0,0,0,0,0,0,2,2,1,0,0,0,0,0,0,0,3,8,No
White Pine,https://www.skiresort.info/ski-resort/white-pine-pinedale/,65.0,8501.0,9501.0,1001.0,7.0,Wyoming,370.0,150.0,Independent,0,0,0,0,0,0,0,0,0,2,0,0,0,0,0,0,0,0,2,No
Whitecap Mountains,https://www.skiresort.info/ski-resort/whitecap-mountains/,85.0,1447.0,1768.0,322.0,9.0,Wisconsin,400.0,200.0,Independent,0,0,0,0,0,0,0,0,0,1,0,4,0,0,0,0,0,1,6,No
Whiteface – Lake Placid,https://www.skiresort.info/ski-resort/whiteface-lake-placid/,129.0,1217.0,4396.0,3179.0,24.0,New York,288.0,190.0,New York State,0,1,0,0,0,0,0,2,3,1,0,2,0,0,0,0,0,2,11,No
Whitefish Mountain Resort,https://www.skiresort.info/ski-resort/whitefish-mountain-resort/,110.0,4465.0,6818.0,2352.0,57.0,Montana,3000.0,320.0,Independent,0,0,0,0,0,1,0,3,2,6,0,0,0,2,0,0,0,2,16,No
Whitetail,https://www.skiresort.info/ski-resort/whitetail/,128.0,856.0,1788.0,932.0,6.0,Pennsylvania,109.0,40.0,Vail Resorts,0,0,0,0,0,0,0,1,3,0,0,1,0,0,0,0,0,2,7,No
Whitetail Ridge – Fort McCoy,https://www.skiresort.info/ski-resort/whitetail-ridge-fort-mccoy/,40.0,889.0,1056.0,167.0,1.0,Wisconsin,,,Independent,0,0,0,0,0,0,0,0,0,0,0,0,0,1,0,0,0,0,1,Yes
Wild Mountain,https://www.skiresort.info/ski-resort/wild-mountain/,59.0,784.0,1053.0,269.0,3.0,Minnesota,100.0,50.0,Independent,0,0,0,0,0,0,0,0,4,0,0,0,0,0,0,0,4,1,9,No
Wildcat Mountain,https://www.skiresort.info/ski-resort/wildcat-mountain/,144.0,1949.0,4062.0,2113.0,16.0,New Hampshire,225.0,207.0,Vail Resorts,0,0,0,0,0,0,0,1,0,3,0,0,0,0,0,0,0,1,5,No
Willamette Pass,https://www.skiresort.info/ski-resort/willamette-pass-crescent/,66.0,5118.0,6680.0,1562.0,18.0,Oregon,555.0,430.0,Mountain Capital Partners,0,0,0,0,0,1,0,0,0,4,0,0,0,0,0,0,0,1,6,No
Willard Mountain,https://www.skiresort.info/ski-resort/willard-mountain-greenwich/,62.0,922.0,1381.0,459.0,2.0,New York,85.0,80.0,Independent,0,0,0,0,0,0,0,0,0,0,0,2,0,0,0,0,2,1,5,No
Wilmot Mountain,https://www.skiresort.info/ski-resort/wilmot-mountain/,99.0,755.0,958.0,203.0,2.0,Wisconsin,120.0,48.0,Vail Resorts,0,0,0,0,0,0,0,0,3,1,0,2,0,0,0,0,2,2,10,No
Windham Mountain,https://www.skiresort.info/ski-resort/windham-mountain/,225.0,1503.0,3100.0,1598.0,29.0,New York,285.0,100.0,Independent,0,0,0,0,0,1,0,3,0,1,0,1,0,0,0,0,0,5,11,No
Winter Park (Kewaunee),https://www.skiresort.info/ski-resort/winter-park-kewaunee-county/,20.0,604.0,738.0,135.0,1.0,Wisconsin,5.0,,Independent,0,0,0,0,0,0,0,0,0,0,0,0,0,1,0,0,0,0,1,Yes
Winter Park Resort,https://www.skiresort.info/ski-resort/winter-park-resort/,275.0,8999.0,12060.0,3061.0,89.0,Colorado,3081.0,327.0,Alterra,0,1,0,1,0,4,0,5,0,3,0,6,0,0,0,1,0,3,24,No
Wintergreen Resort,https://www.skiresort.info/ski-resort/wintergreen-resort/,139.0,2513.0,3514.0,1001.0,6.0,Virginia,129.0,40.0,Pacific Group Resorts,0,0,0,0,0,2,0,0,1,1,0,1,0,0,0,0,0,3,8,No
Winterplace,https://www.skiresort.info/ski-resort/winterplace/,85.0,2995.0,3599.0,604.0,6.0,West Virginia,90.0,100.0,Independent,0,0,0,0,0,0,0,0,2,3,0,2,0,0,0,0,0,2,9,No
Wisp,https://www.skiresort.info/ski-resort/wisp-mchenry-deep-creek-lake/,129.0,2415.0,3117.0,702.0,10.0,Maryland,132.0,100.0,Pacific Group Resorts,0,0,0,0,0,0,0,0,2,5,0,0,0,0,0,0,1,5,13,No
Wolf Creek,https://www.skiresort.info/ski-resort/wolf-creek/,91.0,10299.0,11903.0,1604.0,62.0,Colorado,1600.0,430.0,Independent,0,0,0,0,0,0,0,3,2,2,0,1,0,0,0,1,0,2,11,No
Woods Valley,https://www.skiresort.info/ski-resort/woods-valley/,65.0,574.0,1066.0,492.0,3.0,New York,25.0,180.0,Independent,0,0,0,0,0,0,0,0,1,0,0,2,0,0,0,0,0,2,5,No
Yawgoo Valley,https://www.skiresort.info/ski-resort/yawgoo-valley/,40.0,115.0,299.0,184.0,2.0,Rhode Island,36.0,39.0,Independent,0,0,0,0,0,0,0,0,0,0,0,2,0,0,0,0,1,0,3,No
