name,url,price,base_elevation_ft,peak_elevation_ft,vertical_drop_ft,slope_mi,state,num_lifts
Big Sky Resort,https://www.skiresort.info/ski-resort/big-sky-resort/,275.0,6801,11165,4364,155,Montana,40
Vail Mountain,https://www.skiresort.info/ski-resort/vail/,329.0,8061,11572,3510,145,Colorado,34
Telluride,https://www.skiresort.info/ski-resort/telluride/,260.0,8727,12516,3789,55,Colorado,19
Snowmass,https://www.skiresort.info/ski-resort/snowmass/,264.0,8114,12510,4396,147,Colorado,20
Mammoth Mountain,https://www.skiresort.info/ski-resort/mammoth-mountain/,259.0,7953,11053,3100,56,California,25
Park City,https://www.skiresort.info/ski-resort/park-city/,328.0,6801,10000,3199,155,Utah,42
Deer Valley,https://www.skiresort.info/ski-resort/deer-valley/,299.0,6509,9570,3061,66,Utah,35
Beaver Creek,https://www.skiresort.info/ski-resort/beaver-creek/,329.0,7398,11444,4045,93,Colorado,25
Palisades Tahoe,https://www.skiresort.info/ski-resort/palisades-tahoe/,290.0,6201,9006,2805,124,,43
Breckenridge,https://www.skiresort.info/ski-resort/breckenridge/,299.0,9600,12841,3241,95,Colorado,35
Keystone,https://www.skiresort.info/ski-resort/keystone/,292.0,9301,12280,2979,84,Colorado,21
Sunday River,https://www.skiresort.info/ski-resort/sunday-river/,159.0,820,3140,2320,53,Maine,20
Killington,https://www.skiresort.info/ski-resort/killington/,199.0,1165,4242,3077,73,Vermont,22
Winter Park Resort,https://www.skiresort.info/ski-resort/winter-park-resort/,275.0,8999,12060,3061,89,Colorado,25
Sun Valley: Bald Mountain,https://www.skiresort.info/ski-resort/bald-mountain-sun-valley/,209.0,5751,9150,3399,56,Idaho,12
Heavenly,https://www.skiresort.info/ski-resort/heavenly/,265.0,6257,6565,10039,58,,27
Grand Targhee,https://www.skiresort.info/ski-resort/grand-targhee/,170.0,7651,9862,2211,35,Wyoming,6
Snowbird,https://www.skiresort.info/ski-resort/snowbird/,216.0,7759,11001,3241,64,Utah,14
Snowbasin,https://www.skiresort.info/ski-resort/snowbasin/,219.0,6398,9350,2953,50,Utah,13
Steamboat,https://www.skiresort.info/ski-resort/steamboat/,299.0,6900,10568,3668,103,Colorado,20
Alta,https://www.skiresort.info/ski-resort/alta/,199.0,8530,10499,1969,44,Utah,8
Stowe,https://www.skiresort.info/ski-resort/stowe/,239.0,1280,3661,2382,43,Vermont,12
Aspen Highlands,https://www.skiresort.info/ski-resort/aspen-highlands/,264.0,8041,11677,3635,84,Colorado,5
Solitude,https://www.skiresort.info/ski-resort/solitude/,189.0,8005,10036,2031,40,Utah,9
Brighton,https://www.skiresort.info/ski-resort/brighton/,159.0,8750,10627,1877,41,Utah,8
Sun Valley: Dollar Mountain,https://www.skiresort.info/ski-resort/dollar-mountain-sun-valley/,139.0,6010,6637,627,6,Idaho,5
Copper Mountain,https://www.skiresort.info/ski-resort/copper-mountain/,264.0,9711,12441,2730,78,Colorado,24
Jackson Hole,https://www.skiresort.info/ski-resort/jackson-hole/,269.0,6312,10449,4137,72,Wyoming,13
Crested Butte,https://www.skiresort.info/ski-resort/crested-butte/,179.0,9101,11877,2776,75,Colorado,12
Buttermilk Mountain,https://www.skiresort.info/ski-resort/buttermilk-mountain/,264.0,7871,9902,2031,21,Colorado,5
Mount Bachelor,https://www.skiresort.info/ski-resort/mt-bachelor/,224.0,5699,9065,3366,61,Oregon,15
Whiteface – Lake Placid,https://www.skiresort.info/ski-resort/whiteface-lake-placid/,129.0,1217,4396,3179,24,New York,11
Yellowstone Club,https://www.skiresort.info/ski-resort/yellowstone-club/,,7159,9859,2700,50,Montana,19
Northstar California Resort,https://www.skiresort.info/ski-resort/northstar-california-resort/,270.0,6329,8609,2280,60,,19
Stratton,https://www.skiresort.info/ski-resort/stratton/,197.78,1969,3875,1906,57,Vermont,11
June Mountain,https://www.skiresort.info/ski-resort/june-mountain/,199.0,7507,10089,2582,25,California,7
Arapahoe Basin,https://www.skiresort.info/ski-resort/arapahoe-basin/,189.0,10781,12434,1654,32,Colorado,9
Mount Hood Meadows,https://www.skiresort.info/ski-resort/mt-hood-meadows/,164.0,4521,7300,2779,56,Oregon,12
Taos,https://www.skiresort.info/ski-resort/taos/,195.0,9203,12451,3248,70,New Mexico,14
Snow King,https://www.skiresort.info/ski-resort/snow-king-mountain-jackson/,105.0,6250,8002,1752,10,Wyoming,8
Aspen Mountain,https://www.skiresort.info/ski-resort/aspen-mountain/,264.0,7946,11214,3268,64,Colorado,9
Whitefish Mountain Resort,https://www.skiresort.info/ski-resort/whitefish-mountain-resort/,110.0,4465,6818,2352,57,Montana,16
Sugarbush,https://www.skiresort.info/ski-resort/sugarbush/,243.75,1483,4068,2585,53,Vermont,15
Sugarloaf,https://www.skiresort.info/ski-resort/sugarloaf/,139.0,1398,4219,2822,54,Maine,15
Angel Fire,https://www.skiresort.info/ski-resort/angel-fire/,125.0,8599,10676,2077,47,New Mexico,7
Homewood Mountain Resort,https://www.skiresort.info/ski-resort/homewood-mountain-resort/,159.0,6230,7881,1650,12,,6
Sierra at Tahoe,https://www.skiresort.info/ski-resort/sierra-at-tahoe/,175.0,6640,8852,2211,29,,14
Wolf Creek,https://www.skiresort.info/ski-resort/wolf-creek/,91.0,10299,11903,1604,62,Colorado,11
Purgatory,https://www.skiresort.info/ski-resort/purgatory-durango/,129.0,8793,10823,2031,53,Colorado,11
Bolton Valley,https://www.skiresort.info/ski-resort/bolton-valley/,119.0,1447,3150,1703,19,Vermont,6
Sugar Bowl,https://www.skiresort.info/ski-resort/sugar-bowl/,244.0,6883,8383,1499,43,,13
Schweitzer Mountain Resort,https://www.skiresort.info/ski-resort/schweitzer-mountain-resort/,150.0,3957,6398,2441,40,Idaho,10
Jay Peak,https://www.skiresort.info/ski-resort/jay-peak/,129.0,1847,3855,2008,47,Vermont,7
Okemo,https://www.skiresort.info/ski-resort/okemo/,207.0,1142,3343,2201,43,Vermont,21
Mount Snow,https://www.skiresort.info/ski-resort/mount-snow/,149.0,1919,3593,1673,37,Vermont,14
Red Lodge Mountain,https://www.skiresort.info/ski-resort/red-lodge-mountain/,107.0,7014,9416,2402,40,Montana,6
Bear Valley,https://www.skiresort.info/ski-resort/bear-valley/,169.0,6598,8497,1900,42,California,8
Powder Mountain,https://www.skiresort.info/ski-resort/powder-mountain/,219.0,6893,8901,2008,42,Utah,11
Bretton Woods,https://www.skiresort.info/ski-resort/bretton-woods/,129.0,1601,3100,1499,35,New Hampshire,8
Mount Rose,https://www.skiresort.info/ski-resort/mt-rose/,179.0,7897,9701,1804,37,,8
49 Degrees North,https://www.skiresort.info/ski-resort/49-degrees-north-mountain-resort/,84.0,3924,5774,1850,42,Washington,7
Smugglers’ Notch,https://www.skiresort.info/ski-resort/smugglers-notch/,119.0,1030,3648,2618,48,Vermont,8
Alyeska,https://www.skiresort.info/ski-resort/alyeska-resort-girdwood/,169.0,269,2756,2487,39,Alaska,7
Loveland,https://www.skiresort.info/ski-resort/loveland/,149.0,10646,12700,2054,58,Colorado,10
Gore Mountain,https://www.skiresort.info/ski-resort/gore-mountain/,109.0,997,3599,2602,36,New York,14
Kirkwood,https://www.skiresort.info/ski-resort/kirkwood/,187.0,7799,9800,2001,40,,13
Bogus Basin,https://www.skiresort.info/ski-resort/bogus-basin/,79.0,5797,7582,1785,31,Idaho,7
Bridger Bowl,https://www.skiresort.info/ski-resort/bridger-bowl-bozeman/,97.0,6102,8799,2697,44,Montana,11
Hunter Mountain,https://www.skiresort.info/ski-resort/hunter-mountain/,119.0,1598,3199,1601,34,New York,12
Crystal Mountain (Washington),https://www.skiresort.info/ski-resort/crystal-mountain-wa/,199.0,4400,7011,2612,31,Washington,11
Loon Mountain,https://www.skiresort.info/ski-resort/loon-mountain/,145.0,860,3051,2192,30,New Hampshire,13
Tamarack Resort,https://www.skiresort.info/ski-resort/tamarack-resort/,140.0,4888,7700,2812,26,Idaho,7
Ski Apache,https://www.skiresort.info/ski-resort/apache/,195.0,9600,11401,1801,34,New Mexico,11
Stevens Pass,https://www.skiresort.info/ski-resort/stevens-pass/,119.0,3839,5741,1903,24,Washington,10
Timberline (Oregon),https://www.skiresort.info/ski-resort/timberline/,149.0,4849,8540,3691,19,Oregon,9
Arizona Snowbowl,https://www.skiresort.info/ski-resort/arizona-snowbowl/,127.0,9199,11499,2300,23,Arizona,6
Windham Mountain,https://www.skiresort.info/ski-resort/windham-mountain/,225.0,1503,3100,1598,29,New York,8
Mount Hood Skibowl,https://www.skiresort.info/ski-resort/mt-hood-skibowl/,89.0,3675,4954,1280,40,Oregon,9
Holiday Valley,https://www.skiresort.info/ski-resort/holiday-valley/,105.0,1499,2247,748,30,New York,13
Cannon Mountain,https://www.skiresort.info/ski-resort/cannon-mountain/,134.0,1965,4078,2113,31,New Hampshire,11
Attitash Mountain Resort,https://www.skiresort.info/ski-resort/attitash-mountain-resort/,144.0,600,2349,1749,23,New Hampshire,8
Discovery Ski Area,https://www.skiresort.info/ski-resort/discovery-ski-area/,65.0,5768,8150,2382,28,Montana,7
Brian Head,https://www.skiresort.info/ski-resort/brian-head/,97.0,9600,10919,1319,28,Utah,11
Lutsen Mountains,https://www.skiresort.info/ski-resort/lutsen-mountains/,105.0,863,1690,827,25,Minnesota,7
Wenatchee – Mission Ridge,https://www.skiresort.info/ski-resort/wenatchee-mission-ridge/,119.0,4567,6818,2251,22,Washington,4
Bromley Mountain,https://www.skiresort.info/ski-resort/bromley-mountain/,96.0,1949,3284,1335,28,Vermont,7
Eldora Mountain,https://www.skiresort.info/ski-resort/eldora-mountain/,199.0,9199,10801,1601,32,Colorado,10
Powderhorn,https://www.skiresort.info/ski-resort/powderhorn/,119.0,8199,9843,1644,24,Colorado,3
Cranmore Mountain Resort,https://www.skiresort.info/ski-resort/cranmore-mountain-resort/,119.0,876,1998,1122,27,New Hampshire,6
Pico Mountain,https://www.skiresort.info/ski-resort/pico-mountain/,124.0,2001,3967,1965,19,Vermont,7
Brundage Mountain,https://www.skiresort.info/ski-resort/brundage-mountain/,125.0,5840,7638,1798,19,Idaho,5
White Pass,https://www.skiresort.info/ski-resort/white-pass/,75.0,4498,6516,2018,19,Washington,6
Lost Trail Powder Mountain,https://www.skiresort.info/ski-resort/lost-trail-powder-mountain/,,6430,8366,1936,31,Montana,8
Mad River Glen,https://www.skiresort.info/ski-resort/mad-river-glen/,99.0,1598,3635,2037,29,Vermont,4
Donner Ski Ranch,https://www.skiresort.info/ski-resort/donner-ski-ranch/,99.0,7028,7779,751,32,,6
Sundance,https://www.skiresort.info/ski-resort/sundance/,159.0,6070,8251,2182,27,Utah,7
Gunstock,https://www.skiresort.info/ski-resort/gunstock/,109.0,866,2264,1398,25,New Hampshire,6
China Peak,https://www.skiresort.info/ski-resort/china-peak/,169.0,7044,8629,1585,31,California,10
Great Divide,https://www.skiresort.info/ski-resort/great-divide/,68.0,5748,7251,1503,31,Montana,6
Dodge Ridge,https://www.skiresort.info/ski-resort/dodge-ridge/,109.0,6598,8199,1601,31,California,9
Big Bear: Bear Mountain,https://www.skiresort.info/ski-resort/bear-mountain-big-bear-lake/,169.0,7139,8806,1667,17,California,7
Mount Sunapee,https://www.skiresort.info/ski-resort/mt-sunapee/,119.0,1263,2717,1453,19,New Hampshire,8
Silver Mountain,https://www.skiresort.info/ski-resort/silver-mountain/,77.0,2300,4101,6299,16,Idaho,6
Lookout Pass,https://www.skiresort.info/ski-resort/lookout-pass/,73.0,4501,6152,1650,25,Idaho,5
Ski Santa Fe,https://www.skiresort.info/ski-resort/santa-fe/,105.0,10348,12070,1722,21,New Mexico,5
Waterville Valley,https://www.skiresort.info/ski-resort/waterville-valley/,139.0,1985,4003,2018,16,New Hampshire,9
Ragged Mountain,https://www.skiresort.info/ski-resort/ragged-mountain/,119.0,1115,2231,1115,14,New Hampshire,4
Terry Peak,https://www.skiresort.info/ski-resort/terry-peak/,,5906,6988,1083,10,South Dakota,4
Camelback,https://www.skiresort.info/ski-resort/camelback/,99.0,1247,2044,797,21,Pennsylvania,9
Blue Mountain,https://www.skiresort.info/ski-resort/blue-mountain/,99.0,459,1542,1083,11,Pennsylvania,5
Beaver Mountain,https://www.skiresort.info/ski-resort/beaver-mountain/,70.0,7201,8858,1657,19,Utah,4
Wildcat Mountain,https://www.skiresort.info/ski-resort/wildcat-mountain/,144.0,1949,4062,2113,16,New Hampshire,5
Big Bear: Snow Valley,https://www.skiresort.info/ski-resort/snow-valley/,169.0,6726,7841,1115,21,California,9
Granite Peak,https://www.skiresort.info/ski-resort/granite-peak-at-rib-mountain-state-park/,105.0,1247,1949,702,12,Wisconsin,5
Snowshoe Mountain,https://www.skiresort.info/ski-resort/snowshoe-mountain/,169.0,3281,4849,1568,19,West Virginia,14
The Highlands at Harbor Springs,https://www.skiresort.info/ski-resort/the-highlands-at-harbor-springs/,112.0,787,1339,551,16,Michigan,8
Saddleback,https://www.skiresort.info/ski-resort/saddleback/,139.0,2119,4003,1883,14,Maine,5
Big Bear: Snow Summit,https://www.skiresort.info/ski-resort/snow-summit-big-bear-lake/,169.0,6988,8202,1214,18,California,11
Willamette Pass,https://www.skiresort.info/ski-resort/willamette-pass-crescent/,66.0,5118,6680,1562,18,Oregon,5
Timberline Mountain (West Virginia),https://www.skiresort.info/ski-resort/timberline-mountain/,95.0,3268,4268,1001,11,West Virginia,2
Montana Snowbowl,https://www.skiresort.info/ski-resort/montana-snowbowl/,79.0,4997,7598,2602,19,Montana,6
Mountain Creek,https://www.skiresort.info/ski-resort/mountain-creek-vernon/,99.99,440,1480,1040,15,New Jersey,7
Haystack Mountain – The Hermitage Club,https://www.skiresort.info/ski-resort/haystack-mountain-the-hermitage-club/,,1804,3199,1394,12,Vermont,5
The Summit at Snoqualmie: Summit Areas,https://www.skiresort.info/ski-resort/the-summit-at-snoqualmie/,140.0,2625,3871,1247,17,Washington,22
Mount Spokane,https://www.skiresort.info/ski-resort/mt-spokane/,80.0,3888,5889,2001,16,Washington,7
Monarch,https://www.skiresort.info/ski-resort/monarch/,139.0,10794,11909,1115,23,Colorado,6
Bristol Mountain,https://www.skiresort.info/ski-resort/bristol-mountain/,90.0,997,2198,1201,12,New York,5
Silverton Mountain,https://www.skiresort.info/ski-resort/silverton-mountain/,269.0,10325,12434,2110,,Colorado,1
Pleasant Mountain,https://www.skiresort.info/ski-resort/pleasant-mountain/,95.0,525,1804,1280,14,Maine,6
Pats Peak,https://www.skiresort.info/ski-resort/pats-peak/,99.0,591,1398,807,21,New Hampshire,9
Wachusett Mountain,https://www.skiresort.info/ski-resort/wachusett-mountain/,107.0,1004,2005,1001,7,Massachusetts,4
Titus Mountain,https://www.skiresort.info/ski-resort/titus-mountain/,79.0,1060,2024,965,17,New York,9
Sugar Mountain,https://www.skiresort.info/ski-resort/sugar-mountain/,94.0,4098,5213,1115,9,North Carolina,7
Granby Ranch,https://www.skiresort.info/ski-resort/granby-ranch/,164.0,8199,9199,1001,12,Colorado,5
Magic Mountain (Vermont),https://www.skiresort.info/ski-resort/magic-mountain/,89.0,1148,2848,1699,14,Vermont,5
Mount Shasta Ski Park,https://www.skiresort.info/ski-resort/mt-shasta-ski-park/,99.0,5479,7497,2018,14,California,6
Pajarito Mountain,https://www.skiresort.info/ski-resort/pajarito-mountain/,65.0,8999,10440,1440,16,New Mexico,6
Diamond Peak,https://www.skiresort.info/ski-resort/diamond-peak/,180.0,6699,8537,1837,10,,7
Maverick Mountain,https://www.skiresort.info/ski-resort/maverick-mountain/,49.0,6496,8517,2021,12,Montana,1
Boreal,https://www.skiresort.info/ski-resort/boreal/,119,7201,7733,531,12,California,6
Ski Cooper,https://www.skiresort.info/ski-resort/cooper/,110.0,10499,11699,1201,16,Colorado,4
Belleayre Mountain,https://www.skiresort.info/ski-resort/belleayre-mountain/,114.0,2024,3428,1404,12,New York,9
Soldier Mountain,https://www.skiresort.info/ski-resort/soldier-mountain/,69.0,5807,7178,1371,16,Idaho,3
Mountain High: East,https://www.skiresort.info/ski-resort/mountain-high-east/,149.0,6594,8189,1594,7,California,4
Mount Baldy,https://www.skiresort.info/ski-resort/mt-baldy/,115.0,6486,8596,2110,12,California,4
Holimont,https://www.skiresort.info/ski-resort/holimont/,114.0,1558,2260,702,12,New York,8
Butternut,https://www.skiresort.info/ski-resort/butternut/,85.0,820,1772,951,14,Massachusetts,5
Pebble Creek,https://www.skiresort.info/ski-resort/pebble-creek/,76.0,6358,8560,2201,12,Idaho,3
Sunlight Mountain,https://www.skiresort.info/ski-resort/sunlight-mountain/,104.0,7884,9892,2008,12,Colorado,3
Mount Baker,https://www.skiresort.info/ski-resort/mt-baker/,94.27,3510,5105,1594,16,Washington,10
Burke Mountain,https://www.skiresort.info/ski-resort/burke-mountain/,89.0,1217,3199,1982,6,Vermont,5
Cascade Mountain,https://www.skiresort.info/ski-resort/cascade-mountain/,99.0,820,1240,420,9,Wisconsin,10
Cherry Peak,https://www.skiresort.info/ski-resort/cherry-peak/,55.0,7382,8645,1263,12,Utah,3
Spirit Mountain,https://www.skiresort.info/ski-resort/spirit-mountain/,86.0,689,1280,591,7,Minnesota,5
Seven Springs,https://www.skiresort.info/ski-resort/seven-springs/,111.0,2264,3002,738,11,Pennsylvania,10
Red River,https://www.skiresort.info/ski-resort/red-river/,129.0,8661,10285,1624,12,New Mexico,7
Arctic Valley,https://www.skiresort.info/ski-resort/arctic-valley/,55.0,2500,3898,1398,16,Alaska,4
Nordic Valley,https://www.skiresort.info/ski-resort/nordic-valley/,72.0,5354,7064,1709,6,Utah,4
Showdown,https://www.skiresort.info/ski-resort/showdown/,68.0,6857,8202,1345,12,Montana,4
Eagle Point,https://www.skiresort.info/ski-resort/eagle-point/,90.0,9098,10597,1499,12,Utah,5
Boyne Mountain,https://www.skiresort.info/ski-resort/boyne-mountain/,110.0,620,1119,499,9,Michigan,10
Mountain High: West,https://www.skiresort.info/ski-resort/mountain-high-west/,149.0,6923,7907,984,9,California,5
Greek Peak,https://www.skiresort.info/ski-resort/greek-peak/,115.0,1148,2100,951,12,New York,6
Wintergreen Resort,https://www.skiresort.info/ski-resort/wintergreen-resort/,139.0,2513,3514,1001,6,Virginia,5
Shawnee Mountain,https://www.skiresort.info/ski-resort/shawnee-mountain/,85.0,476,1148,673,11,Pennsylvania,6
BigRock Mountain,https://www.skiresort.info/ski-resort/bigrock-mountain/,60.0,656,1634,978,12,Maine,2
Antelope Butte,https://www.skiresort.info/ski-resort/antelope-butte/,69.0,8399,9400,1001,13,Wyoming,3
Pine Creek,https://www.skiresort.info/ski-resort/pine-creek/,65.0,6873,8228,1355,10,Wyoming,1
The Summit at Snoqualmie: Alpental,https://www.skiresort.info/ski-resort/alpental/,140.0,3156,5479,2323,6,Washington,4
Berkshire East,https://www.skiresort.info/ski-resort/berkshire-east/,99.0,659,1841,1181,8,Massachusetts,5
Wisp,https://www.skiresort.info/ski-resort/wisp-mchenry-deep-creek-lake/,129.0,2415,3117,702,10,Maryland,8
Kissing Bridge,https://www.skiresort.info/ski-resort/kissing-bridge/,88.0,1240,1706,466,11,New York,8
Dartmouth Skiway,https://www.skiresort.info/ski-resort/dartmouth-skiway/,65.0,974,1942,968,10,New Hampshire,4
Labrador Mountain,https://www.skiresort.info/ski-resort/labrador-mountain/,74.0,1181,1870,689,11,New York,4
Snowy Range,https://www.skiresort.info/ski-resort/snowy-range/,69.0,8786,9662,876,10,Wyoming,4
Eaglecrest,https://www.skiresort.info/ski-resort/eaglecrest-juneau/,75.0,1148,2690,1542,11,Alaska,4
Skiland – Mt. Aurora,https://www.skiresort.info/ski-resort/skiland-mt-aurora/,55.0,1394,2444,1050,11,Alaska,1
Hoodoo Ski Area,https://www.skiresort.info/ski-resort/hoodoo-ski-area/,85.0,4692,5709,1017,11,Oregon,5
Blacktail Mountain,https://www.skiresort.info/ski-resort/blacktail-mountain/,80.0,5338,6778,1440,11,Montana,4
Blue Knob,https://www.skiresort.info/ski-resort/blue-knob/,90.0,2080,3150,1070,10,Pennsylvania,4
Turner Mountain,https://www.skiresort.info/ski-resort/turner-mountain/,45.0,3842,5951,2110,9,Montana,1
Nub’s Nob Ski Area,https://www.skiresort.info/ski-resort/nubs-nob-ski-area/,110.0,919,1322,404,12,Michigan,11
Giants Ridge,https://www.skiresort.info/ski-resort/giants-ridge/,64.0,1444,1837,394,7,Minnesota,6
Whitecap Mountains,https://www.skiresort.info/ski-resort/whitecap-mountains/,85.0,1447,1768,322,9,Wisconsin,6
Sipapu,https://www.skiresort.info/ski-resort/sipapu/,72.0,8202,9268,1066,11,New Mexico,5
Middlebury College Snow Bowl,https://www.skiresort.info/ski-resort/middlebury-college-snow-bowl/,65.0,1821,2657,837,9,Vermont,3
Pomerelle,https://www.skiresort.info/ski-resort/pomerelle/,68.0,7736,8661,925,9,Idaho,2
Beech Mountain,https://www.skiresort.info/ski-resort/beech-mountain/,79.0,4672,5505,833,9,North Carolina,8
Mount Ashland,https://www.skiresort.info/ski-resort/mt-ashland/,79.0,6339,7500,1161,8,Oregon,5
Catamount,https://www.skiresort.info/ski-resort/catamount/,105.0,902,1903,1001,9,New York,5
Elk Mountain,https://www.skiresort.info/ski-resort/elk-mountain/,89.0,1706,2690,984,9,Pennsylvania,7
Sleeping Giant,https://www.skiresort.info/ski-resort/sleeping-giant/,70.0,6644,7431,787,11,Wyoming,3
Whitetail,https://www.skiresort.info/ski-resort/whitetail/,128.0,856,1788,932,6,Pennsylvania,6
Plattekill,https://www.skiresort.info/ski-resort/plattekill/,98.0,2283,3327,1043,10,New York,4
Tenney Mountain,https://www.skiresort.info/ski-resort/tenney-mountain/,85.0,748,2149,1401,9,New Hampshire,5
Black Mountain – Rumford,https://www.skiresort.info/ski-resort/black-mountain-rumford/,60.0,1001,2100,1099,9,Maine,3
Mount Bohemia,https://www.skiresort.info/ski-resort/mt-bohemia/,95.0,623,1460,837,8,Michigan,2
Tahoe Donner,https://www.skiresort.info/ski-resort/tahoe-donner/,110.0,6749,7349,600,9,,2
Song Mountain,https://www.skiresort.info/ski-resort/song-mountain/,85.0,1312,1919,607,8,New York,5
Jiminy Peak,https://www.skiresort.info/ski-resort/jiminy-peak/,109.0,1247,2375,1129,6,Massachusetts,7
Kelly Canyon,https://www.skiresort.info/ski-resort/kelly-canyon/,79.0,5807,6660,853,7,Idaho,5
Mount Abram,https://www.skiresort.info/ski-resort/mt-abram/,39.0,951,2001,1050,9,Maine,4
Loup Loup Ski Bowl,https://www.skiresort.info/ski-resort/loup-loup-ski-bowl/,70.0,4068,5315,1247,7,Washington,3
Shanty Creek Resorts – Schuss Mountain,https://www.skiresort.info/ski-resort/shanty-creek-resorts-schuss-mountain/,96.0,820,1168,348,7,Michigan,8
Snowriver: Jackson Creek Summit,https://www.skiresort.info/ski-resort/jackson-creek-summit-snowriver-mountain-resort/,119.0,1296,1936,640,6,Michigan,7
Bluewood,https://www.skiresort.info/ski-resort/bluewood/,65.0,4544,5669,1125,7,Washington,5
Crotched Mountain,https://www.skiresort.info/ski-resort/crotched-mountain/,94.0,1188,2067,879,5,New Hampshire,4
Teton Pass,https://www.skiresort.info/ski-resort/teton-pass/,59.0,6188,7198,1010,9,Montana,6
Mount Kato,https://www.skiresort.info/ski-resort/mt-kato/,59.0,791,1027,236,7,Minnesota,10
Jack Frost Mountain,https://www.skiresort.info/ski-resort/jack-frost-mountain/,105.0,1401,2001,600,7,Pennsylvania,8
White Pine,https://www.skiresort.info/ski-resort/white-pine-pinedale/,65.0,8501,9501,1001,7,Wyoming,3
Caberfae Peaks,https://www.skiresort.info/ski-resort/caberfae-peaks/,79.0,1171,1532,361,7,Michigan,5
Deer Mountain,https://www.skiresort.info/ski-resort/deer-mountain/,,6040,6654,614,7,South Dakota,3
Wasatch Peaks Ranch,https://www.skiresort.info/ski-resort/wasatch-peaks-ranch/,,5971,9567,3596,,Utah,5
Bittersweet,https://www.skiresort.info/ski-resort/bittersweet/,72.0,715,1063,348,4,Michigan,11
Black Mountain – Jackson,https://www.skiresort.info/ski-resort/black-mountain-jackson/,99.0,1234,2247,1014,7,New Hampshire,5
Devil’s Head,https://www.skiresort.info/ski-resort/devils-head/,95.0,492,994,502,6,Wisconsin,6
Massanutten,https://www.skiresort.info/ski-resort/massanutten/,95.0,1749,2858,1109,5,Virginia,7
Bear Creek Mountain Resort,https://www.skiresort.info/ski-resort/bear-creek-mountain-resort/,85.0,591,1099,509,6,Pennsylvania,4
Saskadena Six,https://www.skiresort.info/ski-resort/saskadena-six/,109.0,722,1348,627,7,Vermont,3
Big Powderhorn Mountain,https://www.skiresort.info/ski-resort/big-powderhorn-mountain/,89.0,1148,1772,623,6,Michigan,11
Magic Mountain (Idaho),https://www.skiresort.info/ski-resort/magic-mountain-resort/,40.0,6499,7241,741,7,Idaho,2
Canaan Valley,https://www.skiresort.info/ski-resort/canaan-valley/,90.0,3428,4278,850,6,West Virginia,4
Cloudcroft,https://www.skiresort.info/ski-resort/cloudcroft/,65.0,8399,9098,699,6,New Mexico,2
Whaleback,https://www.skiresort.info/ski-resort/whaleback/,50.0,1138,1781,643,7,New Hampshire,3
Meadowlark Ski Lodge,https://www.skiresort.info/ski-resort/meadowlark-ski-lodge/,62.0,8481,9278,797,6,Wyoming,3
Swain,https://www.skiresort.info/ski-resort/swain/,79.0,1312,1969,656,7,New York,5
Mt. Waterman,https://www.skiresort.info/ski-resort/mt-waterman/,80,6955,8005,1050,6,California,3
Mount Holly,https://www.skiresort.info/ski-resort/mt-holly/,69.0,968,1247,279,4,Michigan,13
Liberty Mountain,https://www.skiresort.info/ski-resort/liberty-mountain/,84.0,591,1165,574,6,Pennsylvania,6
Cooper Spur,https://www.skiresort.info/ski-resort/cooper-spur/,49.0,3999,4347,348,6,Oregon,1
Montage Mountain Resort,https://www.skiresort.info/ski-resort/montage-mountain-resort/,89.0,935,1949,1014,6,Pennsylvania,5
Oak Mountain,https://www.skiresort.info/ski-resort/oak-mountain/,56.0,1749,2402,653,7,New York,4
Hidden Valley (Pennsylvania),https://www.skiresort.info/ski-resort/hidden-valley-pa/,76.0,2395,2920,525,6,Pennsylvania,6
Soda Springs,https://www.skiresort.info/ski-resort/soda-springs/,70.0,6759,7323,564,6,,2
West Mountain,https://www.skiresort.info/ski-resort/west-mountain/,89.0,449,1427,978,6,New York,5
Warner Canyon,https://www.skiresort.info/ski-resort/warner-canyon-lakeview/,40.0,5699,6480,781,6,Oregon,1
Marquette Mountain,https://www.skiresort.info/ski-resort/marquette-mountain/,80.0,787,1280,492,6,Michigan,4
Pine Mountain,https://www.skiresort.info/ski-resort/pine-mountain/,69.0,1148,1512,364,6,Michigan,4
Winterplace,https://www.skiresort.info/ski-resort/winterplace/,85.0,2995,3599,604,6,West Virginia,10
Anthony Lakes Mountain Resort,https://www.skiresort.info/ski-resort/anthony-lakes-mountain-resort/,50.0,7100,7999,899,6,Oregon,2
Bear Paw Ski Bowl,https://www.skiresort.info/ski-resort/bear-paw-ski-bowl/,25.0,4199,5279,1079,6,Montana,2
Peek’N Peak,https://www.skiresort.info/ski-resort/peekn-peak/,76.0,1411,1755,344,7,New York,10
Otsego,https://www.skiresort.info/ski-resort/otsego-gaylord/,75.0,1086,1385,299,4,Michigan,6
Bousquet,https://www.skiresort.info/ski-resort/bousquet/,80.0,1109,1857,748,5,Massachusetts,2
Mohawk Mountain,https://www.skiresort.info/ski-resort/mohawk-mountain/,81.0,919,1490,571,5,Connecticut,5
Royal Mountain,https://www.skiresort.info/ski-resort/royal-mountain/,60.0,1201,1775,574,5,New York,3
Buffalo Ski Center,https://www.skiresort.info/ski-resort/buffalo/,57.0,1007,1483,476,7,New York,6
Snowriver: Black River Basin,https://www.skiresort.info/ski-resort/black-river-basin-snowriver-mountain-resort/,119.0,1184,1673,489,6,Michigan,6
Badger Pass,https://www.skiresort.info/ski-resort/badger-pass/,69.0,7201,8005,804,6,California,5
Big Squaw,https://www.skiresort.info/ski-resort/big-squaw/,40.0,1325,1896,571,5,Maine,1
Big Bear at Masthope Mountain,https://www.skiresort.info/ski-resort/big-bear-at-masthope-mountain/,78.0,722,1286,564,4,Pennsylvania,7
Afton Alps,https://www.skiresort.info/ski-resort/afton-alps/,89.0,919,1270,351,5,Minnesota,19
Porcupine Mountain,https://www.skiresort.info/ski-resort/porcupine-mountain/,45.0,735,1365,630,6,Michigan,3
Hesperus Ski Area,https://www.skiresort.info/ski-resort/hesperus-ski-area/,48.0,8278,8878,600,6,Colorado,2
Snow Ridge,https://www.skiresort.info/ski-resort/snow-ridge/,65.0,1352,1850,499,6,New York,5
Alpine Valley (Wisconsin),https://www.skiresort.info/ski-resort/alpine-valley-resort-elkhorn/,78.0,1017,1362,344,2,Wisconsin,7
Spring Mountain,https://www.skiresort.info/ski-resort/spring-mountain/,58.0,164,492,328,5,Pennsylvania,4
Mount Lemmon,https://www.skiresort.info/ski-resort/mt-lemmon-ski-valley/,69.0,8274,9022,748,5,Arizona,3
Sitzmark Ski Mountain,https://www.skiresort.info/ski-resort/sitzmark/,50.0,4364,4872,509,5,Washington,2
Mount La Crosse,https://www.skiresort.info/ski-resort/mt-la-crosse/,75.0,722,1220,499,4,Wisconsin,4
Norway Mountain,https://www.skiresort.info/ski-resort/norway-mountain/,69.0,984,1332,348,5,Michigan,6
Roundtop,https://www.skiresort.info/ski-resort/roundtop/,117.0,755,1345,591,5,Pennsylvania,8
Laurel Mountain,https://www.skiresort.info/ski-resort/laurel-mountain/,66.0,1998,2759,761,5,Pennsylvania,2
Las Vegas Ski and Snowboard Resort – Lee Canyon,https://www.skiresort.info/ski-resort/las-vegas-ski-and-snowboard-resort-lee-canyon/,84.0,8694,9370,676,5,Nevada,5
Cataloochee,https://www.skiresort.info/ski-resort/cataloochee/,86.0,4462,5194,732,4,North Carolina,3
Welch Village,https://www.skiresort.info/ski-resort/welch-village/,82.0,699,1060,361,4,Minnesota,9
Camden Snow Bowl,https://www.skiresort.info/ski-resort/camden-snow-bowl/,52.0,236,1083,846,4,Maine,2
Ski Brule,https://www.skiresort.info/ski-resort/ski-brule/,74.0,1542,1854,312,5,Michigan,11
Ober Mountain,https://www.skiresort.info/ski-resort/ober-gatlinburg/,99.0,1362,2648,3219,4,Tennessee,5
McCauley Mountain,https://www.skiresort.info/ski-resort/mccauly-mountain/,40.0,1772,2297,525,6,New York,5
Hatley Pointe,https://www.skiresort.info/ski-resort/wolf-ridge/,88.0,3999,4698,699,4,North Carolina,3
Paoli Peaks,https://www.skiresort.info/ski-resort/paoli-peaks/,50.0,545,823,279,4,Indiana,6
Mad River Mountain,https://www.skiresort.info/ski-resort/mad-river-mountain/,59.0,1158,1460,302,4,Ohio,9
Granite Gorge,https://www.skiresort.info/ski-resort/granite-gorge/,,801,1325,525,4,New Hampshire,2
Mont Ripley,https://www.skiresort.info/ski-resort/mont-ripley/,60.0,656,1083,427,4,Michigan,4
Hogadon Ski Area,https://www.skiresort.info/ski-resort/hogadon-ski-area/,60.0,7398,7999,600,3,Wyoming,1
Crystal Mountain (Michigan),https://www.skiresort.info/ski-resort/crystal-mountain-mi/,115.38,804,1178,374,3,Michigan,7
Bryce Resort,https://www.skiresort.info/ski-resort/bryce-resort/,80.0,1247,1749,502,3,Virginia,2
Snow Trails,https://www.skiresort.info/ski-resort/snow-trails/,65.0,1214,1444,230,3,Ohio,6
Alpine Valley (Michigan),https://www.skiresort.info/ski-resort/alpine-valley-white-lake/,61.0,961,1211,249,4,Michigan,12
Moose Mountain,https://www.skiresort.info/ski-resort/moose-mountain/,55.0,679,1952,1273,16,Alaska,1
Powder Ridge Mountain Park (Connecticut),https://www.skiresort.info/ski-resort/powder-ridge-mountain-park-resort/,59.0,377,804,427,3,Connecticut,4
Big Boulder,https://www.skiresort.info/ski-resort/big-boulder/,105.0,1699,2175,476,3,Pennsylvania,4
Mount Eyak,https://www.skiresort.info/ski-resort/mt-eyak/,,400,1201,801,3,Alaska,1
Mount Brighton,https://www.skiresort.info/ski-resort/mt-brighton/,117.0,935,1115,180,4,Michigan,10
Chestnut Mountain,https://www.skiresort.info/ski-resort/chestnut-mountain/,70.0,623,1099,476,4,Illinois,9
Hunt Hollow Ski Club,https://www.skiresort.info/ski-resort/hunt-hollow-ski-club/,70.0,1132,2008,876,3,New York,3
Sundown (Connecticut),https://www.skiresort.info/ski-resort/sundown/,75.0,449,1076,627,4,Connecticut,5
Mount Southington,https://www.skiresort.info/ski-resort/mt-southington/,68.0,203,568,364,4,Connecticut,7
King Pine,https://www.skiresort.info/ski-resort/king-pine-purity-spring-resort/,82.0,476,787,312,3,New Hampshire,6
Mount Pleasant,https://www.skiresort.info/ski-resort/mount-pleasant/,40.0,1181,1496,315,3,Pennsylvania,3
Nordic Mountain,https://www.skiresort.info/ski-resort/nordic-mountain/,80.0,928,1138,210,4,Wisconsin,6
Nashoba Valley,https://www.skiresort.info/ski-resort/nashoba-valley/,,190,420,230,4,Massachusetts,7
Utah Olympic Park,https://www.skiresort.info/ski-resort/utah-olympic-park/,,6949,8146,1198,1,Utah,5
Pine Knob,https://www.skiresort.info/ski-resort/pine-knob/,69.0,1017,1286,269,3,Michigan,10
Hidden Valley (Missouri),https://www.skiresort.info/ski-resort/hidden-valley-mo/,52.0,492,787,295,2,Missouri,7
Fort Wainwright/​Birch Hill,https://www.skiresort.info/ski-resort/fort-wainwrightbirch-hill-fairbanks/,30.0,459,984,525,3,Alaska,2
Holiday Mountain (New York),https://www.skiresort.info/ski-resort/holiday-mountain-ny/,75.0,1050,1444,394,2,New York,3
Quechee Lakes Ski Area,https://www.skiresort.info/ski-resort/quechee-lakes-ski-area/,57.0,650,1247,597,3,Vermont,3
Wilmot Mountain,https://www.skiresort.info/ski-resort/wilmot-mountain/,99.0,755,958,203,2,Wisconsin,9
Perfect North Slopes,https://www.skiresort.info/ski-resort/perfect-north-slopes/,72.0,400,801,400,3,Indiana,12
The Homestead Resort,https://www.skiresort.info/ski-resort/the-homestead-resort/,99.0,689,869,180,2,Michigan,5
Seven Oaks,https://www.skiresort.info/ski-resort/seven-oaks/,48.0,909,1083,174,2,Iowa,2
Appalachian Ski Mountain,https://www.skiresort.info/ski-resort/appalachian-ski-mountain/,79.0,3632,3999,367,3,North Carolina,6
Snowstar,https://www.skiresort.info/ski-resort/snowstar/,54.0,591,771,180,2,Illinois,5
Cockaigne,https://www.skiresort.info/ski-resort/cockaigne/,,1598,1969,371,3,New York,3
Tyrol Basin,https://www.skiresort.info/ski-resort/tyrol-basin-mt-horeb/,60.0,873,1142,269,3,Wisconsin,6
Treetops,https://www.skiresort.info/ski-resort/treetops/,40.0,1119,1332,213,3,Michigan,5
Timberline Summit Pass,https://www.skiresort.info/ski-resort/timberline-summit-pass/,56.0,3999,4304,305,3,Oregon,1
Andes Tower Hills,https://www.skiresort.info/ski-resort/andes-tower-hills/,60.0,1329,1621,292,2,Minnesota,4
Hilltop,https://www.skiresort.info/ski-resort/hilltop-anchorage/,39.0,492,787,295,3,Alaska,3
Thunder Ridge,https://www.skiresort.info/ski-resort/thunder-ridge/,79.0,482,876,394,3,New York,5
Mount Ashwabay,https://www.skiresort.info/ski-resort/mt-ashwabay-salmo/,35.0,1004,1276,272,2,Wisconsin,2
Powder Ridge (Minnesota),https://www.skiresort.info/ski-resort/powder-ridge/,55.0,1168,1417,249,2,Minnesota,6
Mount Holiday,https://www.skiresort.info/ski-resort/mt-holiday/,40.0,689,899,210,3,Michigan,5
Wild Mountain,https://www.skiresort.info/ski-resort/wild-mountain/,59.0,784,1053,269,3,Minnesota,7
Mount Jefferson,https://www.skiresort.info/ski-resort/mt-jefferson/,45.0,420,755,335,6,Maine,3
Sky Tavern,https://www.skiresort.info/ski-resort/sky-tavern/,,7585,8258,673,3,,6
Bradford,https://www.skiresort.info/ski-resort/bradford/,69.0,33,262,230,2,Massachusetts,7
Woods Valley,https://www.skiresort.info/ski-resort/woods-valley/,65.0,574,1066,492,3,New York,5
Christie Mountain,https://www.skiresort.info/ski-resort/christie-mountain/,53.0,1312,1673,361,3,Wisconsin,5
Mount Zion Hill,https://www.skiresort.info/ski-resort/mt-zion-hill/,45.0,1427,1726,299,2,Michigan,3
Sawmill Mountain Resort,https://www.skiresort.info/ski-resort/sawmill-mountain-resort/,59.0,1673,2034,361,3,Pennsylvania,4
Trollhaugen,https://www.skiresort.info/ski-resort/trollhaugen/,67.0,951,1188,236,3,Wisconsin,8
Steeplechase,https://www.skiresort.info/ski-resort/steeplechase-ski-area/,45.0,902,1115,213,2,Minnesota,5
Sundown (Iowa),https://www.skiresort.info/ski-resort/sundown-mountain-resort/,87.0,715,1148,433,2,Iowa,6
Mystic Mountain,https://www.skiresort.info/ski-resort/mystic-mountain-farmington/,50.0,1729,2031,302,2,Pennsylvania,2
Snow Creek,https://www.skiresort.info/ski-resort/snow-creek/,88.0,820,1099,279,2,Missouri,4
McIntyre,https://www.skiresort.info/ski-resort/mcintyre/,57.0,351,509,157,2,New Hampshire,2
Great Bear Ski Valley,https://www.skiresort.info/ski-resort/great-bear-ski-valley/,35.0,1345,1542,197,2,South Dakota,1
Skeetawk,https://www.skiresort.info/ski-resort/skeetawk-hatcher-pass/,44.0,1450,2651,1201,2,Alaska,1
Lost Valley,https://www.skiresort.info/ski-resort/lost-valley/,66.0,256,545,289,1,Maine,3
Bald Mountain,https://www.skiresort.info/ski-resort/bald-mountain/,25.0,3999,4800,801,6,Idaho,2
Victor Constant,https://www.skiresort.info/ski-resort/victor-constant-west-point/,38.0,459,968,509,2,New York,2
Huff Hills,https://www.skiresort.info/ski-resort/huff-hills/,39.0,1870,2231,361,2,North Dakota,4
Howelsen Hill,https://www.skiresort.info/ski-resort/howelsen-hill-steamboat-springs/,49.0,6693,7136,443,2,Colorado,3
Elko Snowbowl,https://www.skiresort.info/ski-resort/elko-snobowl/,20.0,6339,6988,650,2,Nevada,2
Eagle Rock,https://www.skiresort.info/ski-resort/eagle-rock/,,1296,1804,509,2,Pennsylvania,3
Alpine Valley (Ohio),https://www.skiresort.info/ski-resort/alpine-valley-ohio/,59.0,1115,1329,213,2,Ohio,3
Mount Crescent,https://www.skiresort.info/ski-resort/mt-crescent/,44.0,1201,1499,299,1,Iowa,2
Otis Ridge,https://www.skiresort.info/ski-resort/otis-ridge/,55.0,1230,1575,344,2,Massachusetts,4
Mount Peter,https://www.skiresort.info/ski-resort/mount-peter/,79.0,804,1083,279,2,New York,7
Brandywine,https://www.skiresort.info/ski-resort/brandywine/,88.0,623,886,262,1,Ohio,7
Buena Vista,https://www.skiresort.info/ski-resort/buena-vista/,52.0,1312,1542,230,2,Minnesota,5
Timber Ridge,https://www.skiresort.info/ski-resort/timber-ridge/,62.0,673,899,226,2,Michigan,9
The Omni Homestead,https://www.skiresort.info/ski-resort/the-omni-homestead/,64.0,2461,3051,591,2,Virginia,2
Coffee Mill,https://www.skiresort.info/ski-resort/coffee-mill/,55.0,755,1181,427,1,Minnesota,3
Tussey Mountain,https://www.skiresort.info/ski-resort/tussey-mountain/,62.0,1316,1814,499,2,Pennsylvania,4
Alta Sierra,https://www.skiresort.info/ski-resort/alta-sierra-shirley-meadows/,75.0,6686,7087,400,1,California,3
Detroit Mountain,https://www.skiresort.info/ski-resort/detroit-mountain/,52.0,1444,1608,164,1,Minnesota,2
Yawgoo Valley,https://www.skiresort.info/ski-resort/yawgoo-valley/,40.0,115,299,184,2,Rhode Island,4
Boston Mills,https://www.skiresort.info/ski-resort/boston-mills/,88.0,656,886,230,1,Ohio,7
Blue Hills,https://www.skiresort.info/ski-resort/blue-hills/,75.0,262,591,328,2,Massachusetts,4
Bruce Mound,https://www.skiresort.info/ski-resort/bruce-mound/,27.0,984,1312,328,3,Wisconsin,5
Mont du Lac,https://www.skiresort.info/ski-resort/mont-du-lac/,54.99,640,919,279,2,Wisconsin,3
Sunburst,https://www.skiresort.info/ski-resort/sunburst/,70.0,974,1171,197,2,Wisconsin,7
Willard Mountain,https://www.skiresort.info/ski-resort/willard-mountain-greenwich/,62.0,922,1381,459,2,New York,4
Cannonsburg,https://www.skiresort.info/ski-resort/cannonsburg/,55.0,689,919,230,1,Michigan,8
Chester Bowl,https://www.skiresort.info/ski-resort/chester-bowl/,15.0,1083,1247,164,1,Minnesota,1
Little Switzerland,https://www.skiresort.info/ski-resort/little-switzerland/,80.0,1083,1247,164,2,Wisconsin,9
Kendall Mountain,https://www.skiresort.info/ski-resort/kendall-mountain-silverton/,26.0,9318,9843,525,1,Colorado,1
Dry Hill,https://www.skiresort.info/ski-resort/dry-hill/,50.0,712,984,272,1,New York,2
Frost Fire Park,https://www.skiresort.info/ski-resort/frost-fire-park/,,1083,1444,361,1,North Dakota,1
Echo Mountain – Idaho Springs,https://www.skiresort.info/ski-resort/echo-mountain-park-idaho-springs/,79.0,10499,11158,659,2,Colorado,3
Ward Hill – Shrewsbury,https://www.skiresort.info/ski-resort/ward-hill-shrewsbury/,68.0,344,525,180,1,Massachusetts,3
Buck Hill,https://www.skiresort.info/ski-resort/buck-hill-ski-area/,59.0,951,1217,266,1,Minnesota,7
Campgaw Mountain,https://www.skiresort.info/ski-resort/campgaw-mountain/,65.0,469,712,243,1,New Jersey,2
Christmas Mountain,https://www.skiresort.info/ski-resort/christmas-mountain/,80.0,1017,1214,197,1,Wisconsin,3
Hyland Hills,https://www.skiresort.info/ski-resort/hyland-hills/,44.0,853,1017,164,1,Minnesota,5
Campton Mountain,https://www.skiresort.info/ski-resort/campton-mountain/,40.0,1188,1427,240,1,New Hampshire,2
Hermon Mountain,https://www.skiresort.info/ski-resort/hermon-mountain/,55.0,164,459,295,2,Maine,3
Maple Ski Ridge,https://www.skiresort.info/ski-resort/maple-ski-ridge/,43.0,538,820,282,1,New York,4
Villa Roma,https://www.skiresort.info/ski-resort/villa-roma/,35.0,1099,1280,180,1,New York,1
Heiliger Huegel Ski Club,https://www.skiresort.info/ski-resort/heiliger-huegel-hubertus/,,1030,1283,253,1,Wisconsin,2
Oglebay Resort,https://www.skiresort.info/ski-resort/oglebay-resort/,,,,,1,West Virginia,1
Swiss Valley,https://www.skiresort.info/ski-resort/swiss-valley/,53.0,971,1194,223,1,Michigan,7
Grand Geneva,https://www.skiresort.info/ski-resort/grand-geneva/,70.0,787,997,210,1,Wisconsin,6
Camp 10,https://www.skiresort.info/ski-resort/camp-10/,52,1509,1739,230,2,Wisconsin,4
Ferguson Ridge,https://www.skiresort.info/ski-resort/ferguson-ridge/,20.0,5200,5840,640,3,Oregon,2
Mount Ski Gull,https://www.skiresort.info/ski-resort/mount-ski-gull/,45.0,1263,1453,190,1,Minnesota,4
Beartooth Basin,https://www.skiresort.info/ski-resort/beartooth-basin/,50.0,9898,10899,1001,3,Wyoming,2
Woodward Park City,https://www.skiresort.info/ski-resort/woodward-park-city/,,6463,6811,348,0,Utah,1
Sunrise Park,https://www.skiresort.info/ski-resort/sunrise-park/,99.0,9360,10925,1565,,Arizona,7
Val Bialas Ski Center – Utica,https://www.skiresort.info/ski-resort/val-bialas-ski-center-utica/,10,574,823,249,1,New York,3
Snow Snake,https://www.skiresort.info/ski-resort/snow-snake/,43.0,1040,1211,171,2,Michigan,4
Titcomb Mountain,https://www.skiresort.info/ski-resort/titcomb-mountain/,45.0,413,689,276,3,Maine,2
Sapphire Valley,https://www.skiresort.info/ski-resort/sapphire-valley/,68.0,3163,3297,135,0,North Carolina,1
Rotarun,https://www.skiresort.info/ski-resort/rotarun/,15.0,5482,5873,390,3,Idaho,2
Cottonwood Butte,https://www.skiresort.info/ski-resort/cottonwood-butte/,20.0,4757,5600,843,3,Idaho,2
Hillberg,https://www.skiresort.info/ski-resort/hillberg/,28.0,131,394,262,1,Alaska,3
Bottineau Winter Park,https://www.skiresort.info/ski-resort/bottineau-winter-park/,45.0,2274,2448,174,1,North Dakota,4
Ausblick Ski Club,https://www.skiresort.info/ski-resort/ausblick-sussex/,30.0,968,1148,180,1,Wisconsin,3
Lonesome Pine,https://www.skiresort.info/ski-resort/lonesome-pine-trails-fort-kent/,30.0,568,981,413,3,Maine,2
Boyce Park,https://www.skiresort.info/ski-resort/boyce-park/,25.0,1115,1247,131,1,Pennsylvania,2
Crystal Ridge,https://www.skiresort.info/ski-resort/the-rock-snowpark/,70.0,702,932,230,1,Wisconsin,5
Villa Olivia,https://www.skiresort.info/ski-resort/villa-olivia-bartlett/,45.0,791,846,56,1,Illinois,7
Four Seasons,https://www.skiresort.info/ski-resort/four-seasons/,30.0,525,607,82,0,New York,2
Coppervale,https://www.skiresort.info/ski-resort/coppervale/,,5249,5988,738,2,California,1
Snowhaven,https://www.skiresort.info/ski-resort/snowhaven/,24.0,5305,5676,371,2,Idaho,2
Lyndon Outing Club,https://www.skiresort.info/ski-resort/lyndon-outing-club/,15.0,853,1247,394,2,Vermont,2
Cranor Ski Hill,https://www.skiresort.info/ski-resort/cranor-ski-hill-gunnison/,22.0,7874,8189,315,1,Colorado,1
Winter Park (Kewaunee),https://www.skiresort.info/ski-resort/winter-park-kewaunee-county/,20.0,604,738,135,1,Wisconsin,1
Cochran,https://www.skiresort.info/ski-resort/cochran/,19.0,400,699,299,1,Vermont,3
Hurricane Ridge,https://www.skiresort.info/ski-resort/hurricane-ridge/,57.0,4800,5499,699,1,Washington,3
Mount Greylock Ski Club,https://www.skiresort.info/ski-resort/mount-greylock-south-williamstown/,,1270,1578,308,3,Massachusetts,2
Granlibakken,https://www.skiresort.info/ski-resort/granlibakken/,45.0,6312,6611,299,1,,2
Ascutney Mountain,https://www.skiresort.info/ski-resort/ascutney-mountain/,20.0,719,2520,1801,1,Vermont,2
Storrs Hill,https://www.skiresort.info/ski-resort/storrs-hill-lebanon/,15.0,558,925,367,1,New Hampshire,1
Whitetail Ridge – Fort McCoy,https://www.skiresort.info/ski-resort/whitetail-ridge-fort-mccoy/,40.0,889,1056,167,1,Wisconsin,1
Lake City Ski Hill,https://www.skiresort.info/ski-resort/lake-city-ski-hill/,30.0,8868,9091,223,1,Colorado,1
Mount Pisgah,https://www.skiresort.info/ski-resort/mt-pisgah/,25.0,1772,2057,285,1,New York,1
Little Ski Hill,https://www.skiresort.info/ski-resort/little-ski-hill/,25.0,5184,5577,394,1,Idaho,1
Northeast Slopes,https://www.skiresort.info/ski-resort/northeast-slopes-east-corinth/,15.0,827,1165,338,1,Vermont,3
Badger Mountain,https://www.skiresort.info/ski-resort/badger-mountain/,10.0,2999,3484,486,1,Washington,3
Echo Valley – Lake Chelan,https://www.skiresort.info/ski-resort/echo-valley-lake-chelan/,40.0,2618,3110,492,1,Washington,4
Beartown,https://www.skiresort.info/ski-resort/beartown/,24.0,863,997,135,0,New York,2
Veterans Memorial – Franklin,https://www.skiresort.info/ski-resort/veterans-memorial-franklin/,,774,1001,226,1,New Hampshire,2
Hoedown Hill,https://www.skiresort.info/ski-resort/hoedown-hill-windsor/,,4839,4970,131,0,Colorado,4
Paul Bunyan Ski Hill,https://www.skiresort.info/ski-resort/paul-bunyan-ski-hill/,,1247,1362,115,1,Wisconsin,2
Living Memorial Park – Brattleboro,https://www.skiresort.info/ski-resort/living-memorial-park-brattleboro/,5.0,433,620,187,0,Vermont,1
Spruce Mountain,https://www.skiresort.info/ski-resort/spruce-mountain-jay/,30.0,351,600,249,1,Maine,3
Quoggy Joe Ski Center,https://www.skiresort.info/ski-resort/quoggy-jo-ski-center-presque-isle/,15.0,712,902,190,0,Maine,1
Abenaki,https://www.skiresort.info/ski-resort/abenaki/,20,591,820,230,1,New Hampshire,1
Hanson Hills,https://www.skiresort.info/ski-resort/hanson-hills/,30.0,1148,1280,131,1,Michigan,4
Brantling,https://www.skiresort.info/ski-resort/brantling/,34.0,459,689,230,1,New York,4
Chapman Hill,https://www.skiresort.info/ski-resort/chapman-hill-durango/,16.0,6568,6877,308,0,Colorado,2
Mulligan’s Hollow Ski Bowl,https://www.skiresort.info/ski-resort/mulligans-hollow-ski-bowl/,22.0,617,764,148,1,Michigan,5
Meany Lodge,https://www.skiresort.info/ski-resort/meany-lodge/,,2920,3346,427,1,Washington,3
Frisco Adventure Park,https://www.skiresort.info/ski-resort/frisco-adventure-park/,55.0,9085,9163,79,0,Colorado,1
Fox Hill,https://www.skiresort.info/ski-resort/fox-hill/,,1037,1263,226,1,Wisconsin,4
Missaukee Mountain,https://www.skiresort.info/ski-resort/missaukee-mountain/,,1253,1411,157,1,Michigan,3
Red Hill – Moultonborough,https://www.skiresort.info/ski-resort/red-hill-moultonborough/,,627,853,226,1,New Hampshire,1
Rocking Horse Ranch,https://www.skiresort.info/ski-resort/rocking-horse-ranch/,,564,702,138,0,New York,1
Kettlebowl,https://www.skiresort.info/ski-resort/kettlebowl/,10.0,1617,1778,161,1,Wisconsin,5
Pinnacle Park,https://www.skiresort.info/ski-resort/pinnacle-park-pittsfield/,,240,315,75,0,Maine,1
Mount Eustis,https://www.skiresort.info/ski-resort/mt-eustis-littleton/,,984,1263,279,1,New Hampshire,1
Challenge Mountain,https://www.skiresort.info/ski-resort/challenge-mountain-walloon-lake/,,725,1066,341,1,Michigan,1
Four Lakes,https://www.skiresort.info/ski-resort/four-lakes/,30.0,656,722,66,1,Illinois,7
Leavenworth Ski Hill,https://www.skiresort.info/ski-resort/leavenworth-ski-hill/,26.0,1476,1706,230,1,Washington,2
Powers Bluff,https://www.skiresort.info/ski-resort/powers-bluff/,13.0,1312,1430,118,1,Wisconsin,1
Mount McSauba,https://www.skiresort.info/ski-resort/mt-mcsauba/,23.0,607,709,102,0,Michigan,4
Hiawatha – Rock River Township,https://www.skiresort.info/ski-resort/hiawatha-rock-river-township/,5.0,850,938,89,0,Michigan,1
John & Melissa Besse Sports Park – Gladstone,https://www.skiresort.info/ski-resort/john-melissa-besse-sports-park-gladstone/,,643,748,105,0,Michigan,4
Sahalie Ski Club,https://www.skiresort.info/ski-resort/sahalie-ski-club/,,2953,3133,180,1,Washington,2
Adventure Mountain,https://www.skiresort.info/ski-resort/adventure-mountain-greenland/,7,1237,1362,125,0,Michigan,1
Triangle Sports Area – Green Bay,https://www.skiresort.info/ski-resort/triangle-sports-area-green-bay/,,640,712,72,0,Wisconsin,3
Standing Rocks Park,https://www.skiresort.info/ski-resort/standing-rocks/,16.0,1099,1220,121,1,Wisconsin,3
Powderhouse Hill,https://www.skiresort.info/ski-resort/powderhouse-hill-south-berwick/,5.0,121,262,141,0,Maine,1
Keyes Peak,https://www.skiresort.info/ski-resort/keyes-peak/,15.0,1312,1476,164,0,Wisconsin,3
Cloudmont,https://www.skiresort.info/ski-resort/cloudmont/,,1650,1798,148,0,Alabama,2
Chipmunk Hills,https://www.skiresort.info/ski-resort/chipmunk/,,6450,6752,302,0,Idaho,1
Lee’s Ski Hill,https://www.skiresort.info/ski-resort/lees-ski-hill-ouray/,,7887,7959,72,0,Colorado,1
Hard’ack (Aldis Hill),https://www.skiresort.info/ski-resort/hardack-aldis-hill-st-albans/,,623,755,131,0,Vermont,1
Dynamite Hill,https://www.skiresort.info/ski-resort/dynamite-hill-chestertown/,,830,922,92,0,New York,1
